-- MySQL dump 10.13  Distrib 5.7.12, for osx10.9 (x86_64)
--
-- Host: 13.58.211.44    Database: SUB_KB
-- ------------------------------------------------------
-- Server version	5.5.56-MariaDB

/*!40101 SET @OLD_CHARACTER_SET_CLIENT=@@CHARACTER_SET_CLIENT */;
/*!40101 SET @OLD_CHARACTER_SET_RESULTS=@@CHARACTER_SET_RESULTS */;
/*!40101 SET @OLD_COLLATION_CONNECTION=@@COLLATION_CONNECTION */;
/*!40101 SET NAMES utf8 */;
/*!40103 SET @OLD_TIME_ZONE=@@TIME_ZONE */;
/*!40103 SET TIME_ZONE='+00:00' */;
/*!40014 SET @OLD_UNIQUE_CHECKS=@@UNIQUE_CHECKS, UNIQUE_CHECKS=0 */;
/*!40014 SET @OLD_FOREIGN_KEY_CHECKS=@@FOREIGN_KEY_CHECKS, FOREIGN_KEY_CHECKS=0 */;
/*!40101 SET @OLD_SQL_MODE=@@SQL_MODE, SQL_MODE='NO_AUTO_VALUE_ON_ZERO' */;
/*!40111 SET @OLD_SQL_NOTES=@@SQL_NOTES, SQL_NOTES=0 */;

--
-- Table structure for table `alternativas_preguntas_asistente`
--

DROP TABLE IF EXISTS `alternativas_preguntas_asistente`;
/*!40101 SET @saved_cs_client     = @@character_set_client */;
/*!40101 SET character_set_client = utf8 */;
CREATE TABLE `alternativas_preguntas_asistente` (
  `id` int(11) NOT NULL,
  `id_pregunta` int(11) NOT NULL,
  `alternativa` text COLLATE utf8mb4_unicode_ci NOT NULL,
  `texto_boton` text COLLATE utf8mb4_unicode_ci NOT NULL,
  `es_correcta` tinyint(1) NOT NULL,
  PRIMARY KEY (`id`),
  KEY `fk_id_pregunta_idx` (`id_pregunta`),
  CONSTRAINT `fk_id_pregunta` FOREIGN KEY (`id_pregunta`) REFERENCES `preguntas_asistente` (`id`) ON DELETE NO ACTION ON UPDATE NO ACTION
) ENGINE=InnoDB DEFAULT CHARSET=utf8mb4 COLLATE=utf8mb4_unicode_ci;
/*!40101 SET character_set_client = @saved_cs_client */;

--
-- Dumping data for table `alternativas_preguntas_asistente`
--

LOCK TABLES `alternativas_preguntas_asistente` WRITE;
/*!40000 ALTER TABLE `alternativas_preguntas_asistente` DISABLE KEYS */;
INSERT INTO `alternativas_preguntas_asistente` VALUES (1,1,'A cómo entregar mejor valor a los productos que se están desarrollando.','A',1),(2,1,'A que el equipo se auto organice.','B',0),(3,1,'A que el negocio, jefe de proyectos y equipos puedan conversar para ejecutar proyectos.','C',0),(4,1,'A que el jefe de proyectos sea más servicial.','D',0),(5,2,'Una vez a la semana.','A',0),(6,2,'Todos los días.','B',1),(7,2,'Cuando termina el sprint.','C',0),(8,2,'Ninguna de las anteriores.','D',0),(9,3,'Operaciones, clientes más comprometidos, nuevos clientes, compromiso de empleados y disrupción digital.','A',0),(10,3,'Operaciones, clientes más comprometidos, antiguos clientes, compromiso de empleados y disrupción digital.','B',0),(11,3,'Operaciones, ventas, clientes más comprometidos, nuevos clientes, compromiso de empleados y disrupción digital.','C',1),(12,3,'Ninguna corresponde.','D',0),(13,4,'Servicial.','A',0),(14,4,'Moderador.','B',0),(15,4,'Asesor y formador.','C',0),(16,4,'Todas las anteriores.','D',1),(17,5,'Hipótesis de crecimiento','A',1),(18,5,'Hipótesis de valor','B',0),(19,5,'ninguna de las anteriores','C',0),(20,6,'Edward Deming.','A',1),(21,6,'Toyota.','B',0),(22,6,'Taiichi Ohno.','C',0),(23,6,'Jeff Sutherland.','D',0),(24,7,'Consiste en provocar el nacimiento de una idea nueva.','A',0),(25,7,'Aplicación práctica de una idea con el propósito de alcanzar los objetivos propuestos.','B',1),(26,7,'Es la creación de muchas ideas independiente si son buenas o no.','C',0),(27,7,'Ninguna corresponde.','D',0),(28,8,'Proyecto, Producto, Área y Gerencia.','A',0),(29,8,'I y II.','B',0),(30,8,'I, II y III.','C',1),(31,8,'I, II, III y IV.','D',0),(32,9,'Juicio de experto.','A',1),(33,9,'En base a proyectos anteriores.','B',0),(34,9,'El experto es quien decide.','C',0),(35,9,'Ninguna de las anteriores.','D',0),(36,10,'Pila del producto.','A',0),(37,10,'Pila del Sprint.','B',0),(38,10,'Incremento.','C',0),(39,10,'Gantt.','D',1),(40,11,'I y II.','A',1),(41,11,'II y III.','B',0),(42,11,'I, II y III.','C',0),(43,11,'I, II, III y IV.','D',0),(44,12,'Estructura de Costos','A',0),(45,12,'Recursos Monetarios','B',0),(46,12,'Red de partners','C',0),(47,12,'A y c corresponden','D',1),(48,13,'Precio','A',0),(49,13,'Novedad','B',0),(50,13,'Reducción de costos','C',0),(51,13,'Eliminación de funcionalidades','D',1),(52,14,'Gráfico Burn Down.','A',1),(53,14,'Grafico Burn-UP.','B',0),(54,14,'Carta Gantt.','C',0),(55,14,'No existe ninguno.','D',0),(56,15,'Averiguar qué se debe construir (aquello que los clientes quieren y por lo que pagan) tan rápido como    sea posible.','A',1),(57,15,'Demostrar empíricamente que un equipo ha descubierto verdades valiosas sobre el presente y el futuro del negocio de la empresa.','B',0),(58,15,'Competir con empresas similares en producto y proyecto, desarrollando la mejor filiación y la mejor visión de negocio.','C',0),(59,16,'Nunca generar ideas nuevas.','A',0),(60,16,'No buscar la innovación.','B',0),(61,16,'Lo que observamos en los demás.','C',0),(62,16,'El no deshacerse de las viejas ideas.','D',1),(63,17,'Descripción.','A',0),(64,17,'Prioridad.','B',0),(65,17,'Estimación.','C',0),(66,17,'Todas las anteriores.','D',1),(67,18,'Propuesta de Valor','A',0),(68,18,'Segmento de Cliente','B',1),(69,18,'Actividades Clave','C',0),(70,18,'Red de partners','D',0),(71,19,'¿Debe construirse?','A',1),(72,19,'¿Puede Construirse?','B',0),(73,19,'¿En qué producto puedo basarme?','C',0),(74,19,'Ninguna de las anteriores.','D',0),(75,20,'Planificación.','A',0),(76,20,'Reunión diaria.','B',0),(77,20,'Retrospectiva.','C',1),(78,20,'Sprint.','D',0),(79,21,'Gestión, Métodos y Proyectos.','A',1),(80,21,'Conocimiento profesional, Objetivo organizacional y Gestión.','B',0),(81,21,'Motivación, Gobernanza y Métodos.','C',0),(82,21,'Procesos, Estilo y Gestión.','D',0),(83,22,'Acceso en cualquier momento y lugar.','A',0),(84,22,'IU simples e intuitivas.','B',0),(85,22,'Apuntando a la “generación internet”.','C',0),(86,22,'Todas las anteriores.','D',1),(87,23,'Sólo I','A',0),(88,23,'I, II Y III','B',0),(89,23,'I, III, IV y V','C',0),(90,23,'Todas corresponden.','D',1),(91,24,'Visión, estrategia y construcción.','A',0),(92,24,'Estrategia y construcción.','B',0),(93,24,'Visión, estrategia y producto.','C',1),(94,25,'Lo digital como un proyecto.','A',0),(95,25,'Lo digital como un negocio.','B',0),(96,25,'Lo digital como valor agregado.','C',0),(97,25,'Todas corresponden.','D',1),(98,26,'I, III, IV y V.','A',0),(99,26,'I, II, III y IV.','B',0),(100,26,'II, IV y V.','C',0),(101,26,'I, II, III, IV y V.','D',1),(102,27,'Conoce al protagonista, establece la ruta y dibuja las etapas.','A',0),(103,27,'Cuenta la historia y cambia la historia.','B',0),(104,27,'Establecer las tareas del constructor del Costumer Journey y que sea un ex usuario de nuestro servicio.','C',0),(105,27,'A y b corresponden.','D',1),(106,28,'Dueño del producto, Scrum Master, Equipo Scrum, Scrum.','A',1),(107,28,'Usuario, Tester, equipo y jefe de proyecto.','B',0),(108,28,'Jefe de proyecto, Scrum Master y Dueño del producto.','C',0),(109,28,'Equipo Scrum, scrum master y usuario.','D',0),(110,29,'Cuando el cliente sabe que quiere.','A',0),(111,29,'En entornos volátiles y de mucha incertidumbre.','B',1),(112,29,'Cuando el dueño del producto lo solicita.','C',0),(113,29,'Cuando el equipo está lleno de especialistas.','D',0),(114,30,'','10',0),(115,30,'','8',0),(116,30,'','9',1),(117,30,'','12',0),(118,31,'','4',0),(119,31,'','5',0),(120,31,'','6',1),(121,31,'','7',0),(122,32,'','No',0),(123,32,'','Sí',1),(124,33,'','Verdadero',1),(125,33,'','Falso',0),(126,34,'El diseño es individual, centrado en los productos y conjuga la ingeniería con el arte; Design Thinking es en equipos, centrado en las experiencias y conjuga los negocias, las personas y la tecnología.','A',1),(127,34,'El diseño es en equipos, centrado en los productos y conjuga los negocios, la ingeniería y el arte; Design Thinking es individual, centrado en la experiencia y conjuga la tecnología y las personas.','B',0),(128,34,'El diseño es en equipos, centrado en las experiencias y conjuga los negocios, las personas y la tecnología; el Design Thinking es individual, centrado en los productos y conjuga la ingeniería con el arte.','C',0),(129,34,'Ninguna corresponde.','D',0),(130,35,'','Verdadero',0),(131,35,'','Falso',1),(132,36,'','Verdadero',1),(133,36,'','Falso',0),(134,37,'','Verdadero',1),(135,37,'','Falso',0),(136,38,'','Verdadero',1),(137,38,'','Falso',0),(138,39,'','Sí',0),(139,39,'','No',1),(140,40,'','Verdadero',0),(141,40,'','Falso',1),(142,41,'','Verdadero',1),(143,41,'','Falso',0),(144,42,'','Verdadero',0),(145,42,'','Falso',1),(146,43,'Porque es aplicable a cualquier ámbito de la vida.','A',0),(147,43,'La creatividad es un arma para crear una empresa o un proyecto.','B',0),(148,43,'Las ideas permiten diferenciarnos del resto.','C',0),(149,43,'Todas corresponden.','D',1),(150,44,'Para mejorar su gente, procesos y estructura.','A',1),(151,44,'Para continuar planificándose a largo plazo.','B',0),(152,44,'Para deshacerse de todo lo que tenga más de 3 años de antigüedad.','C',0),(153,44,'Todas corresponden','D',0),(154,45,'I y II.','A',0),(155,45,'I y III.','B',0),(156,45,'I, II, III y IV.','C',1),(157,45,'I, II, III y V.','D',0),(158,46,'La curiosidad, tolerancia y disponibilidad al cambio.','A',0),(159,46,'La comunicación abierta de lo que pensamos y la confianza en uno mismo.','B',0),(160,46,'Utilizar ideas antiguas y desarrollarlas de forma interna.','C',0),(161,46,'a y b corresponden.','D',1),(162,47,'Deconstruir su cadena de valor y recomponerla de nuevo.','A',0),(163,47,'Introducir en el ADN de la organización, los conocimientos y competencias necesarias para integrar la cultura de la transformación digital su cadena de','B',0),(164,47,'A y B','C',1),(165,47,'Ninguna corresponde','D',0),(166,48,'Las actividades necesarias para crear y ofrecer la propuesta de valor a los clientes.','A',1),(167,48,'Es la caja o los recursos que provienen de los distintos segmentos de clientes.','B',0),(168,48,'Los costos más relevantes que deben solventar para operar bajo un modelo de negocios en particular.','C',0),(169,49,'Un mapa que representa las múltiples interacciones y contactos del cliente con nuestra empresa, desde que se plantea un objetivo hasta que logra alcanzarlo.','A',1),(170,49,'Un mapa que representa el flujo de la solicitud del cliente, sobre el mismo servicio en otras empresas.','B',0),(171,49,'Un mapa donde se representa la idealización del servicio que el cliente espera obtener.','C',0),(172,49,'Ninguna corresponde.','D',0),(173,50,'Aquel supuesto de nivel medio validado, incluido en nuestro modelo de negocio.','A',0),(174,50,'Aquel supuesto de alto nivel validado que hemos incluido en nuestro modelo de negocio.','B',0),(175,50,'Aquel supuesto de alto nivel no validado que hemos incluido en nuestro modelo de   negocio,   y que realmente incluye a 1 o más hipótesis en sí mismo.','C',1),(176,51,'Nada, esperaría finalizar el sprint','A',0),(177,51,'Le pediría al equipo hacer horas ex','B',0),(178,51,'Hablaría inmediatamente con el prop','C',1),(179,51,'Solicitaría extender la duración de','D',0),(180,52,'El grado de adopción de Scrum.','A',0),(181,52,'El trabajo del Scrum Master en la empresa.','B',0),(182,52,'Si el equipo está haciendo bien su trabajo.','C',0),(183,52,'Qué tan ágil es la empresa o área a evaluar.','D',1),(184,53,'Crear los flujogramas de atención para los distintos tipos de clientes de nuestra empresa.','A',0),(185,53,'Crear los perfiles de cargo de nuestra organización.','B',0),(186,53,'Identificar instancias claves para innovar en lo que le importa y valora el cliente.','C',1),(187,53,'Caracterizar a los clientes de la competencia.','D',0),(188,54,'Información, Evaluación, Compra, Entrega y Posventa','A',1),(189,54,'Información, Evolución, Compra, Posventa, Re-compra','B',0),(190,54,'Encuentro, Evaluación, Compra, Posventa, Re-compra','C',0),(191,55,'Crear propuestas innovadoras.','A',0),(192,55,'Hacer coincidir las necesidades de los clientes con solución tecnológica factible y un modelo de negocios viable.','B',0),(193,55,'A y b corresponden.','C',1),(194,55,'Ninguna corresponde.','D',0),(195,56,'Que estamos resolviendo todas las frustraciones y alegrías del cliente','A',0),(196,56,'Entender cuáles son las frustraciones y alegrías que estamos solucionando','B',1),(197,56,'Determinar la relación entre trabajos del cliente y productos y servicios ofrecidos','C',0),(198,57,'Capacitar a todos para que sepan qué es agilidad.','A',0),(199,57,'Realizar un cambio cultural para trabajar más en equipo.','B',0),(200,57,'Que la gerencia general sea partícipe en este cambio.','C',0),(201,57,'Todas las anteriores.','D',1),(202,58,'Definiciones en 3 elementos clave como: estructura organizacional, liderazgo digital y cultura digital y trabajo colaborativo.','A',0),(203,58,'Definiciones en 4 elementos clave como: estructura organizacional, talento digital (habilidades y gestión), liderazgo digital y cultura digital y trabajo colaborativo.','B',1),(204,58,'Definiciones en 2 elementos: estructura organizacional y liderazgo digital.','C',0),(205,58,'Ninguna corresponde.','D',0),(206,59,'Que en esa área existen 2 personas','A',0),(207,59,'Que en esa área no pueden haber más','B',1),(208,59,'Que en esa área debe haber al menos','C',0),(209,59,'Que no se pueden asignar menos de 2','D',0),(210,60,'Son desviaciones de nuestro pensamiento','A',0),(211,60,'Son puntos ciegos de nuestro pensamiento','B',1),(212,60,'Nos permiten razonar eficazmente de manera rápida','C',0),(213,61,'Alexander Osterwalder','A',1),(214,61,'Henry Miller','B',0),(215,61,'Winston Churchill','C',0),(216,61,'Alec Baldwin','D',0),(217,62,'Propietario del producto.','A',0),(218,62,'Equipo Scrum.','B',1),(219,62,'Todas los anteriores.','C',0),(220,63,'El Equipo.','A',0),(221,63,'El Scrum Master.','B',0),(222,63,'El Propietario del producto.','C',1),(223,63,'Los Interesados.','D',0),(224,64,'No. El conocimiento técnico no es evaluado.','A',0),(225,64,'Sí. Se mide el nivel de conocimiento y experiencia.','B',1),(226,65,'','Verdadero',0),(227,65,'','Falso',1),(228,66,'','Verdadero',1),(229,66,'','Falso',0),(230,67,'','Verdadero',1),(231,67,'','Falso',0),(232,68,'Conducta','A',0),(233,68,'Prejuicio','B',0),(234,68,'Emoción','C',1),(235,68,'Sensación','D',0),(236,69,'Arriendo de  departamento.','A',0),(237,69,'Arriendo de una cama inflable y desayuno en un departamento.','B',1),(238,69,'Alojamiento, desayuno y transporte.','C',0),(239,70,'I,II y III.','A',1),(240,70,'II,III y IV.','B',0),(241,70,'III y IV.','C',0),(242,70,'Todas corresponden.','D',0),(243,71,'','Verdadero',1),(244,71,'','Falso',0),(245,72,'Percepción, Motivación, Emoción y Cognición','A',1),(246,72,'Atención, Sentimientos, Objetivos y Pensamiento','B',0),(247,72,'Percepción, Acción, Emoción y Mente','C',0),(248,73,'Adquirir empatía con los clientes, escuchándolos y observándolos.','A',0),(249,73,'Desarrollar un punto de vista, articular ideas y definir el problema.','B',0),(250,73,'Hacer las ideas realidad y ver cómo el cliente reacciona.','C',1),(251,73,'Ser creativo y generar el mayor número de ideas.','D',0),(252,74,'Entender.','A',0),(253,74,'Observar.','B',0),(254,74,'Prototipar.','C',0),(255,74,'Testear.','D',1),(256,75,'','Verdadero',0),(257,75,'','Falso',1),(258,76,'Ventas','A',0),(259,76,'Disrupción digital','B',0),(260,76,'Operaciones paperless','C',1),(261,76,'Compromiso de empleados','D',0),(262,77,'','Verdadero',0),(263,77,'','Falso',1),(264,78,'','Verdadero',1),(265,78,'','Falso',0),(266,79,'','Verdadero',1),(267,79,'','Falso',0),(268,80,'','Verdadero',1),(269,80,'','Falso',0),(270,81,'','Verdadero',1),(271,81,'','Falso',0),(272,82,'','Verdadero',1),(273,82,'','Falso',0),(274,83,'','Verdadero',1),(275,83,'','Falso',0),(276,84,'','Verdadero',1),(277,84,'','Falso',0),(278,85,'','Verdadero',1),(279,85,'','Falso',0),(280,86,'Procesos y herramientas sobre individuos y sus interacciones.','A',0),(281,86,'Documentación sobre software funcional.','B',0),(282,86,'Contratos sobre colaboración.','C',0),(283,86,'Respuesta ante el cambio sobre seguimiento de un plan.','D',1),(284,87,'Lienzo del mapa del entorno','A',0),(285,87,'Lienzo del modelo de negocios','B',0),(286,87,'Lienzo de la propuesta de valor','C',0),(287,87,'Todas corresponden.','D',1),(288,88,'I, II y III.','A',0),(289,88,'I, II y IV.','B',0),(290,88,'II. III y IV.','C',1),(291,88,'Ninguna corresponde.','D',0),(292,89,'I, II y III','A',0),(293,89,'I, III, IV y V.','B',1),(294,89,'I, III, IV y VI.','C',0),(295,89,'I, II, III, IV, V y VI.','D',0),(296,90,'','Verdadero',1),(297,90,'','Falso',0),(298,91,'','Verdadero',0),(299,91,'','Falso',1),(300,92,'Personalizadas y automatizadas','A',1),(301,92,'Egocéntricas y empáticas','B',0),(302,92,'Individualistas y sociales','C',0),(303,93,'','Verdadero',1),(304,93,'','Falso',0),(305,94,'','Verdadero',1),(306,94,'','Falso',0),(307,95,'Cliente y necesidades','A',0),(308,95,'Necesidades y productos','B',0),(309,95,'Cliente y propuesta de valor','C',1),(310,96,'','Verdadero',1),(311,96,'','Falso',0),(312,97,'Que un equipo ha descubierto verdades valiosas sobre el presente y el futuro del negocio de la  empresa.','A',1),(313,97,'Que gastamos más tiempo y esfuerzo en construir que en aprender.','B',0),(314,97,'Que los esfuerzos deben estar enfocados en el futuro, no en el aquí y ahora.','C',0),(315,97,'a y b corresponden.','D',0),(316,98,'Proyecto, Producto, Área y Gerencia.','A',0),(317,98,'Gerencia, Producción, Comercial y Sistemas.','B',0),(318,98,'Proyecto, Producto, Organización y Desarrollo.','C',1),(319,98,'Organización, equipo, Scrum Master y Product Owner.','D',0),(320,99,'Todos los costos en detalle','A',0),(321,99,'Los costos más relevantes','B',1),(322,99,'Sólo los costos asociados a los recursos clave','C',0),(323,100,'I, II y V','A',0),(324,100,'III, IV y VI','B',0),(325,100,'I, II, III y IV','C',1),(326,100,'I, III, IV y VI','D',0),(327,101,'Para poder probar la historia de us','A',1),(328,101,'Para que el propietario del product','B',0),(329,101,'Para que los tester creen sus prueb','C',0),(330,101,'Ninguna de las anteriores.','D',0),(331,102,'Como un conjunto de procesos y procedimientos para gestionar proyectos.','A',0),(332,102,'Como un framework de trabajo, el cual da los lineamientos para gestionar proyectos de manera ágil.','B',1),(333,102,'Como una guía de planificación de proyectos predictiva.','C',0),(334,102,'Como una herramienta de trabajo para proyectos de largo aliento.','D',0),(335,103,'','Verdadero',1),(336,103,'','Falso',0),(337,104,'Una, la relación es directa (1 positiva = 1 negativa)','A',0),(338,104,'Tres emociones positivas por cada negativa','B',1),(339,104,'5 experiencias positivas por cada negativa','C',0),(340,104,'Dependiendo de qué tan negativa sea la experiencia','D',0),(341,105,'','Verdadero',1),(342,105,'','Falso',0),(343,106,'','Verdadero',1),(344,106,'','Falso',0),(345,107,'','Verdadero',1),(346,107,'','Falso',0),(347,108,'Que hay que capacitar a los scrum masters.','A',0),(348,108,'Que la organización no es ágil.','B',0),(349,108,'Que el conocimiento técnico y prácticas ágiles son deficientes y se deben implementar diversas técnicas.','C',1),(350,108,'Nada, hay que tratar de seguir avanzando en los proyectos.','D',0),(351,109,'','Verdadero',1),(352,109,'','Falso',0),(353,110,'','Sí',0),(354,110,'','No',1),(355,111,'Kanban.','A',0),(356,111,'Scrum.','B',0),(357,111,'Sistema de producción Toyota.','C',1),(358,111,'Programación Extrema.','D',0),(359,112,'Pila del Sprint.','A',0),(360,112,'Incremento.','B',0),(361,112,'Módulo.','C',0),(362,112,'Pila del producto.','D',1),(363,113,'La estructura de costes','A',0),(364,113,'Los recursos clave','B',0),(365,113,'La propuesta de valor','C',1),(366,113,'La red de partners','D',0),(367,114,'','3',0),(368,114,'','4',1),(369,114,'','5',0),(370,114,'','6',0),(371,115,'Idea, construcción y producto','A',0),(372,115,'Construir, medir y aprender','B',1),(373,115,'Producto, medida, y datos.','C',0),(374,115,'a y b','D',0),(375,116,'','Verdadero',1),(376,116,'','Falso',0),(377,117,'Emociones como categorías','A',0),(378,117,'Emociones como un continuo','B',0),(379,117,'Reacciones fisiológicas','C',0),(380,117,'Todas corresponden','D',1),(381,118,'Condicionamiento clásico y operante','A',0),(382,118,'Aprendizaje social','B',0),(383,118,'Modelo de motivación, habilidad y disparadores','C',0),(384,118,'Todas las anteriores','D',1),(385,119,'Molestias por resultados','A',0),(386,119,'Obstáculos enfrentados','B',0),(387,119,'Riesgos','C',0),(388,119,'Todas corresponden','D',1),(389,120,'Tangibles','A',0),(390,120,'Intangibles','B',0),(391,120,'Digitales','C',0),(392,120,'Informativos','D',1),(393,121,'Funcionales, sociales y emocionales','A',1),(394,121,'Objetivos, subjetivos y abstractos','B',0),(395,121,'Técnicos, personales y sensitivos','C',0),(396,122,'','Verdadero',0),(397,122,'','Falso',1),(398,123,'Dado que el Propietario del product','A',0),(399,123,'El Scrum Master, descompone en tare','B',0),(400,123,'El equipo deriva al Scrum Master lo','C',1),(401,123,'El equipo dice que si lo haría pero','D',0),(402,124,'Derribaron los silos, están todos juntos en un solo lugar y el valor central es la: colaboración.','A',0),(403,124,'Se potenció la libertad y la responsabilidad, además de una motivación diferente.','B',0),(404,124,'Porque enseñaron a aumentar la riqueza a los clientes.','C',0),(405,124,'A y B corresponden.','D',1),(406,125,'Realizar la estimación de los tiempos del proyecto.','A',0),(407,125,'Buscar las Mejores actividades para alcanzar los objetivos.','B',1),(408,125,'Verificar la duración del proyecto.','C',0),(409,125,'Revisar el funcionamiento de los procesos.','D',0),(410,126,'Proyectos y Gerencia.','A',0),(411,126,'Usuarios y areas de TI.','B',0),(412,126,'Flexibilidad y Fluidez.','C',1),(413,126,'Scrum y Kanban','D',0),(414,127,'10000','A',0),(415,127,'13000','B',0),(416,127,'18000','C',0),(417,127,'20000','D',1),(418,128,'','Verdadero',0),(419,128,'','Falso',1),(420,129,'','Verdadero',1),(421,129,'','Falso',0),(422,130,'Físico','A',0),(423,130,'Financieros','B',0),(424,130,'Intelectuales','C',0),(425,130,'Humanos','D',0),(426,130,'Todas corresponden','E',1),(427,131,'Motor pegajoso','A',0),(428,131,'Motor Viral','B',0),(429,131,'Motor Remunerado','C',1),(430,131,'Ninguna de las anteriores.','D',0),(431,132,'El motor de crecimiento','A',0),(432,132,'El producto','B',0),(433,132,'La estrategia','C',0),(434,132,'Todas las anteriores','D',1),(435,133,'Porque pueden realizar transacciones digitales y mejor servicio para aumentar la retención.','A',1),(436,133,'Porque innova para tomar el liderazgo digital.','B',0),(437,133,'A y b','C',0),(438,133,'Ninguna corresponde.','D',0),(439,134,'Coordinar la reunión de revisión de','A',0),(440,134,'Mostrar el incremento al product ow','B',1),(441,134,'Planificar el siguiente sprint.','C',0),(442,134,'Realizar la retrospectiva.','D',0),(443,135,'El uso de videos y material audiovisual','A',0),(444,135,'Poder acceder a ellas de cualquier navegador web','B',0),(445,135,'Permite descargar contenido','C',0),(446,135,'Permiten interacción al usuario','D',1),(447,136,'La posibilidad de comprar la posición en la que quiero estar en los buscadores','A',0),(448,136,'Realizar campañas de marketing en base a buscadores','B',0),(449,136,'Optimizar mi página para que esté mejor posicionada en los resultados de búsquedas','C',1),(450,136,'Ninguna de las anteriores','D',0),(451,137,'El uso de inteligencia artificial','A',1),(452,137,'La integración con redes sociales','B',0),(453,138,'','Sí',1),(454,138,'','No',0),(455,139,'Chat-bots','A',0),(456,139,'Machine Learning','B',0),(457,139,'Gamification','C',1),(458,139,'Inteligencia de Negocios','D',0),(459,140,'Una unidad de procesamiento de información','A',0),(460,140,'Una moneda en un juego online','B',0),(461,140,'Un algoritmo de procesamiento de información','C',0),(462,140,'Una moneda virtual','D',1),(463,141,'','Verdadero',1),(464,141,'','Falso',0),(465,142,'Evitar el problema del doble gasto','A',1),(466,142,'Hacer más seguras las transacciones mediante criptografía','B',0),(467,142,'Enviar moneda de manera instantánea','C',0),(468,143,'','Verdadero',1),(469,143,'','Falso',0),(470,144,'Empresas de servicios financieros que utilizan la última tecnología para ofrecer servicios','A',1),(471,144,'Empresas de desarrollo de software especializado','B',0),(472,144,'Áreas de tecnología de instituciones financieras','C',0),(473,144,'Áreas de finanzas de instituciones tecnológicas','D',0),(474,145,'Volumen, velocidad, variedad, veracidad y valor','A',1),(475,145,'Tiempo, velocidad, ratio, volumen y valor','B',0),(476,145,'Varianza, vector, latencia, precio y peso','C',0),(477,145,'Velocidad, latencia, precio, volumen y tiempo','D',0),(478,146,'','Verdadero',0),(479,146,'','Falso',1),(480,147,'Marketplace','A',1),(481,147,'Plataforma','B',0),(482,147,'Business Intelligence','C',0),(483,147,'Machine Learning','D',0),(484,148,'1940 y 1960','A',0),(485,148,'1960 y 1980','B',0),(486,148,'1980 y 2000','C',1),(487,148,'1995 y 2005','D',0),(488,149,'','Verdadero',1),(489,149,'','Falso',0),(490,150,'Alexander Osterwalder','A',1),(491,150,'Henry Miller','B',0),(492,150,'Winston Churchill','C',0),(493,150,'Alec Baldwin','D',0),(494,151,'','10',0),(495,151,'','8',0),(496,151,'','9',0),(497,151,'','12',0),(498,152,'Propuesta de Valor','A',0),(499,152,'Segmento de Cliente','B',1),(500,152,'Actividades Clave','C',0),(501,152,'Red de partners','D',0),(502,153,'Estructura de Costos y Red de partners','A',1),(503,153,'Recursos Monetarios y Red de partners','B',0),(504,153,'Red de partners y Relación con proveedores','C',0),(505,153,'Relación con proveedores y Estructura de Costos','D',0),(506,153,'Flujo de clientes y Estructura de Costos','E',0),(507,154,'','Verdadero',1),(508,154,'','Falso',0),(509,155,'Generación, evaluación y realización de ideas.','A',1),(510,155,'Validación, optimización y seguimiento','B',0),(511,155,'Sembrado de ideas, armado de prototipos y conceptualización de estrategias','C',0),(512,156,'Comunicación, gestión, trabajo en equipo y gestión de las competencias','A',0),(513,156,'Planificación, equipos maduros y auto-gestionados, autonomía y comunicación','B',1),(514,156,'Innovación, desarrollo de software, velocidad de trabajo y entregables rápidos','C',0),(515,157,'Hacer inversiones ','A',0),(516,157,'pedir dinero prestado (créditos)  ','B',0),(517,157,'hacer giros de dinero en cajeros automáticos ','C',0),(518,157,'Pagar con tarjetas (medios de pago) ','D',0),(519,157,'Hacer envíos de dinero (transferencias de fondos). ','E',0),(520,157,'Diseñar servicios digitales','F',1),(521,158,'','Verdadero',1),(522,158,'','Falso',0),(523,159,'','Verdadero',1),(524,159,'','Falso',0),(525,160,'','Verdadero',1),(526,160,'','Falso',0),(527,161,'','Verdadero',0),(528,161,'','Falso',1),(529,162,'','Verdadero',0),(530,162,'','Falso',1),(531,163,'Más del 70%','A',0),(532,163,'50% aproximadamente','B',0),(533,163,'Menos del 30%','C',1),(534,163,'Ninguno','D',0),(535,164,'Significativamente peores','A',0),(536,164,'Es lo mismo, el cambio es en base al relacionamiento y el clima','B',0),(537,164,'Mejores resultados','C',1),(538,165,'Técnicas y científicas','A',0),(539,165,'Desarrollo de programas informáticos','B',0),(540,165,'Creatividad e innovación','C',1),(541,166,'','Verdadero',1),(542,166,'','Falso',0),(543,167,'Contexto, Metas & Personas','A',1),(544,167,'Social, Personal y Mental','B',0),(545,167,'Objetivos, Planes y Metas','C',0),(546,168,'Sensación, emoción, cognición, percepción y acción','A',0),(547,168,'Cognición, Percepción, Motivación, emoción y comportamiento','B',1),(548,168,'Percepción, motivación, planificación, actitud y diplomacia','C',0),(549,169,'','Verdadero',1),(550,169,'','Falso',0),(551,170,'','Verdadero',1),(552,170,'','Falso',0);
/*!40000 ALTER TABLE `alternativas_preguntas_asistente` ENABLE KEYS */;
UNLOCK TABLES;

--
-- Table structure for table `evaluaciones`
--

DROP TABLE IF EXISTS `evaluaciones`;
/*!40101 SET @saved_cs_client     = @@character_set_client */;
/*!40101 SET character_set_client = utf8 */;
CREATE TABLE `evaluaciones` (
  `id` int(11) NOT NULL AUTO_INCREMENT,
  `id_pregunta` int(11) NOT NULL,
  `usuario` varchar(100) COLLATE utf8mb4_unicode_ci NOT NULL,
  `es_correcto` tinyint(1) NOT NULL,
  PRIMARY KEY (`id`),
  KEY `id_idx` (`id_pregunta`),
  CONSTRAINT `id` FOREIGN KEY (`id_pregunta`) REFERENCES `preguntas_asistente` (`id`) ON DELETE NO ACTION ON UPDATE NO ACTION
) ENGINE=InnoDB AUTO_INCREMENT=89 DEFAULT CHARSET=utf8mb4 COLLATE=utf8mb4_unicode_ci;
/*!40101 SET character_set_client = @saved_cs_client */;

--
-- Dumping data for table `evaluaciones`
--

LOCK TABLES `evaluaciones` WRITE;
/*!40000 ALTER TABLE `evaluaciones` DISABLE KEYS */;
INSERT INTO `evaluaciones` VALUES (2,137,'testUser1',1),(3,149,'testUser1',1),(4,145,'testUser3',1),(5,146,'testUser3',0),(6,141,'testUser3',1),(7,148,'testUser3',1),(8,137,'testUser3',0),(9,135,'testUser3',1),(10,138,'testUser3',0),(11,137,'testUser3',1),(12,146,'testUser3',0),(13,140,'testUser3',0),(14,146,'testUser3',0),(15,140,'testUser3',1),(16,136,'testUser3',0),(17,149,'testUser3',1),(18,139,'testUser3',0),(19,139,'testUser3',0),(20,138,'testUser3',0),(21,146,'testUser3',0),(22,146,'testUser3',0),(23,139,'testUser3',1),(24,138,'testUser3',0),(25,146,'testUser3',1),(26,136,'testUser3',0),(27,138,'testUser3',0),(28,136,'testUser3',1),(29,142,'testUser3',1),(30,138,'testUser3',1),(31,143,'testUser3',1),(32,147,'testUser3',1),(33,139,'testUser4',1),(34,140,'testUser4',1),(35,149,'testUser4',1),(36,148,'testUser4',1),(37,136,'testUser4',1),(38,137,'testUser4',1),(39,145,'testUser4',1),(40,135,'testUser4',1),(41,142,'testUser4',0),(42,146,'testUser4',1),(43,143,'testUser4',1),(44,141,'testUser4',1),(45,138,'testUser4',1),(46,142,'testUser4',1),(47,147,'testUser4',1),(48,154,'testUser4',0),(49,163,'testUser4',0),(50,113,'testUser4',0),(51,37,'testUser4',0),(52,80,'testUser4',0),(53,89,'testUser4',0),(54,92,'testUser4',1),(55,153,'testUser4',1),(56,60,'jocodina',0),(57,81,'jocodina',1),(58,104,'jocodina',0),(59,107,'jocodina',1),(60,117,'jocodina',0),(61,105,'jocodina',1),(62,68,'jocodina',0),(63,89,'jocodina',0),(64,66,'jocodina',0),(65,7,'jocodina',1),(66,80,'jocodina',1),(67,122,'jocodina',1),(68,117,'jocodina',0),(69,38,'jocodina',0),(70,8,'jocodina',0),(71,75,'testSubercaseaux',0),(72,116,'testSubercaseaux',1),(73,53,'testSubercaseaux',0),(74,135,'testSubercaseaux',0),(75,142,'testSubercaseaux',1),(76,148,'testSubercaseaux',1),(77,146,'testSubercaseaux',1),(78,140,'testSubercaseaux',1),(79,137,'testSubercaseaux',0),(80,149,'testSubercaseaux',0),(81,34,'1',0),(82,104,'1',1),(83,27,'1',0),(84,136,'testSubercaseaux',0),(85,137,'testSubercaseaux',1),(86,139,'testSubercaseaux',1),(87,149,'testSubercaseaux',0),(88,141,'testSubercaseaux',1);
/*!40000 ALTER TABLE `evaluaciones` ENABLE KEYS */;
UNLOCK TABLES;

--
-- Table structure for table `preguntas_asistente`
--

DROP TABLE IF EXISTS `preguntas_asistente`;
/*!40101 SET @saved_cs_client     = @@character_set_client */;
/*!40101 SET character_set_client = utf8 */;
CREATE TABLE `preguntas_asistente` (
  `id` int(11) NOT NULL,
  `pregunta` text COLLATE utf8mb4_unicode_ci NOT NULL,
  `respuesta_alternativa_incorrecta` text COLLATE utf8mb4_unicode_ci NOT NULL,
  `modulo` int(11) NOT NULL,
  `curso` int(11) NOT NULL,
  `tema` text COLLATE utf8mb4_unicode_ci NOT NULL,
  PRIMARY KEY (`id`)
) ENGINE=InnoDB DEFAULT CHARSET=utf8mb4 COLLATE=utf8mb4_unicode_ci;
/*!40101 SET character_set_client = @saved_cs_client */;

--
-- Dumping data for table `preguntas_asistente`
--

LOCK TABLES `preguntas_asistente` WRITE;
/*!40000 ALTER TABLE `preguntas_asistente` DISABLE KEYS */;
INSERT INTO `preguntas_asistente` VALUES (1,'¿A qué pensamiento constante responde la visión ágil? ','A cómo entregar mejor valor a los productos que se están desarrollando. Esta es la premisa de la agilidad, siempre pensar en el producto, en la visión de negocio y como esto ayuda a la organización',8,1,'Agile'),(2,'¿Cada cuánto se revisa el avance del Sprint?','Todos los días, esto se realiza en la reunión diaria, con todo el equipo.',9,1,'Scrum'),(3,'¿Cómo conformar la digitalización como fuente de ventaja competitiva?','Operaciones, ventas, clientes más comprometidos, nuevos clientes, compromiso de empleados y disrupción digital. Así se conforma la digitalización como fuente de ventaja competitiva.',7,1,'Rev Fintech'),(4,'¿Cómo debe ser el rol del Scrum Master?','Todas las anteriores: Servicial, Moderador, Asesor y formador. Estos son algunas características de cómo debe ser el Scrum Master, ya que ahora pasa a ayudar a todos a hacer su trabajo, deja de ser Jefe y pasa a ser líder.',9,1,'Scrum'),(5,'¿Cómo descubren los clientes el nuevo producto? ','Hipótesis de crecimiento.',6,1,'Lean Start up'),(6,'¿Con quién nace la agilidad?','Edward Deming, fue el primero en plantear el modelo Planificar, Hacer, verificar  y actuar.',8,1,'Agile'),(7,'¿Cuál de las siguientes corresponde a la definición de innovación?','Aplicación práctica de una idea con el propósito de alcanzar los objetivos propuestos.',4,1,'Design Thinking'),(8,'¿Cuál de las siguientes son preferencias actuales de los clientes en el mercado? I. Son multicanales. II. Principal vía de contacto online. III. Buscan soluciones específicas a sus necesidades. IV. Exigen que se les ofrezca la misma experiencia en todos los canales.','I, II, III y IV. Los Clientes en la actualidad tienen preferencias nunca antes vistas en el Mercado: Son multicanales, el principal canal de contacto es el Online, Buscan soluciones específicas a sus necesidades y exigen que se le ofrezca la misma experiencia en todos los canales.',4,1,'Design Thinking'),(9,'¿Cuál de las técnicas que se mencionan son las más utilizadas para estimar?','Juicio de experto. Esta es la técnica utilizada, se basa en la experiencia, y entre todo el equipo se acuerdan las estimaciones.',9,1,'Scrum'),(10,'¿Cuál de los siguientes artefactos no es parte de Scrum?','Gantt. Esto corresponde a la gestión de proyectos predictiva y no es framework.',9,1,'Scrum'),(11,'¿Cuál de los siguientes elementos clave, corresponden a definiciones organizacionales? I. Estructura organizacional. II. Talento digital- habilidades y gestión. III. Liderazgo digital. IV.Cultura digital y trabajo colaborativo.','Elementos clave de las definiciones organizacionales son Estructura organizacional y Talento digital – habilidades y gestión.',7,1,'Rev Fintech'),(12,'¿Cuál de los siguientes son parte de los 9 bloques del lienzo de modelo de negocios CANVAS planteado por Osterwalder?','Los 9 bloques planteados por Osterwalder son: Segmentos de clientes, Propuesta de valor, Canales, Relación con el cliente, Flujo de ingresos, Recursos clave, Actividades clave, Red de Partners y Estructura de costos',5,1,'Canvas'),(13,'¿Cuál de todas las planteadas no es mencionada como una forma de diferenciarse en la propuesta de valor?','Eliminación de funcionalidadesHay varias formas de plantear una propuesta de valor, como ser el precio, novedad, diseño, marca, experiencia de cliente, velocidad, etc;  pero la eliminación de funcionalidades no es necesariamente una de ellas.',5,1,'Canvas'),(14,'¿Cuál es el gráfico que sirve para medir el avance en Scrum?','Gráfico Burn Down, este es el gráfico que se actualiz a dario para ir comprobando el ritmo de avance del sprint.',9,1,'Scrum'),(15,'¿Cuál es el objetivo de una Start up (nueva empresa)?','El objetivo de una nueva empresa es averiguar qué se debe construir (aquello que los clientes quieren y por lo que pagan) tan rápido como sea posible.',6,1,'Lean Start up'),(16,'¿Cuál es el principal enemigo de la innovación a nivel de las ideas?','El no deshacerse de las viejas ideas. El problema nunca es meterse ideas nuevas e innovadoras en la cabeza, sino deshacerse de las viejas ideas.',4,1,'Design Thinking'),(17,'¿Cuál es la información mínima que debe tener la pila del producto?','Todas las anteriores: Descripción, Prioridad y  Estimación. Es necesario que se incorporen todas las anteriores, ya que sin ellas no se puede hacer una planificación del sprint ni tener la visión del producto.',9,1,'Scrum'),(18,'¿Cuál es la pieza clave por la que se debe comenzar a completar el modelo CANVAS?','Segmento de Cliente. Los clientes son el centro de cualquier modelo de negocio, ya que ninguna empresa puede sobrevivir durante mucho tiempo si no tiene clientes (rentables), y es posible aumentar la satisfacción de los mismos agrupándolos en varios segmentos con necesidades, comportamientos y atributos comunes. Un modelo de negocio puede de definir uno o varios segmentos de mercado, ya sean grandes o pequeños. Las empresas deben seleccionar, con una decisión fundamentada, los segmentos a los que se van a dirigir y, al mismo tiempo, los que no tendrán en cuenta. Una vez que se ha tomado esta decisión, ya se puede diseñar un modelo de negocio basado en un conocimiento exhaustivo de las necesidades específicas del cliente objetivo. ',5,1,'Canvas'),(19,'¿Cuál es la pregunta clave del Lean Start up?','¿Debe construirse? La pregunta clave no es ¿puede construirse? sino ¿debe construirse? Tenemos la capacidad de construir prácticamente cualquier cosa que nos imaginemos. ',6,1,'Lean Start up'),(20,'¿Cuál es la reunión donde el equipo revisa qué hizo bien, qué hizo mal y cómo se puede mejorar?','Retrospectiva. Esta reunión tiene como objetivo autoanalizarse y ver cómo trabajar de mejor manera para el próximo sprint.',9,1,'Scrum'),(21,'¿Cuáles son las 3 áreas evaluadas en la fluidez de la agilidad?','Gestión, Métodos y Proyectos. Estos miden estilo de gestión, tanto de las empresas como de las personas, el método de procedes de las personas y como se determinan las estrategias de gestión de proyectos',8,1,'Agile'),(22,'¿Cuáles son las características del Front-end?','Las características del Front-end más visibles son: Acceso en cualquier momento y lugar, IU simples e intuitivas y apuntando a la “generación internet”.',7,1,'Rev Fintech'),(23,'¿Cuáles son las demandas de los clientes en esta nueva era digital? I. Que les den recompensas por su lealtad. II. Acceso a cualquier lugar y momento a sus saldos. III. Que lo vean como a una persona. IV. Que le entreguen consejos para aumentar su riqueza. V. Que le digan en qué gasta su dinero y cómo ahorrar','Las demandas de los clientes en esta nueva era digital son: I. Que les den recompensas por su lealtadII. Acceso a cualquier lugar y momento a sus saldosIII. Que lo vean como a una personaIV. Que le entreguen consejos para aumentar su riquezaV. Que le digan en qué gasta su dinero y cómo ahorrar',7,1,'Rev Fintech'),(24,'¿Cuáles son las etapas del Start up?','Visión, Estrategia y Producto. El Start up tiene las siguientes etapas: Visión, Estrategia y Producto.',6,1,'Lean Start up'),(25,'¿Cuáles son las tres formas de adoptar la estrategia digital?','Las tres formas de adoptar la estrategia digital son: como un proyecto, como un negocio, como valor agregado.',7,1,'Rev Fintech'),(26,'¿Cuáles son los eventos de Scrum? I. Planificación del sprint. II. Sprint. III. Scrum Diario. IV. Revisión del sprint. V. Retrospectiva','I, II, III, IV y V. Todos los eventos definidos en el framework de Scrum, para poder cumplir con los objetivos.I. Planificación del sprintII. SprintIII. Scrum DiarioIV. Revisión del sprintV. Retrospectiva',9,1,'Scrum'),(27,'¿Cuáles son los pasos para construir un Customer Journey?','Para construir un Customer Journey, los pasos son: conoce al protagonista, establece la ruta, dibuja las etapas, cuenta la historia y cambia la historia.',4,1,'Design Thinking'),(28,'¿Cuáles son los roles dentro del modelo Scrum?','Dueño del producto, Scrum Master, Equipo Scrum, Scrum. Define solo 3 roles dentro de su modelo, la parte del negocio con el dueño del producto, el equipo quienes desarrollan los requerimientos y el Scrum master quien facilita el trabajo.',8,1,'Agile'),(29,'¿Cuándo es útil ocupar desarrollo de proyectos de manera ágil?','En entornos volátiles y de mucha incertidumbre, el dia de hoy el cliente rara vez sabe lo que quiere solo tiene la visión inicial, lo cual se va desarrollando a medida que va avanzando el proyecto.',8,1,'Agile'),(30,'¿Cuántos bloques conforman el modelo de negocios CANVAS?','El modelo de negocio del lienzo consta de 9 piezas clave, comunes para la representación gráfica de un negocio.',5,1,'Canvas'),(31,'¿Cuántos pasos tiene la metodología Design Thinking?','Los pasos de la metodología de DT son 6: Entender, observar, definir, idear, Prototipar y testear.',4,1,'Design Thinking'),(32,'¿Despilfarro es cualquier cosa que hubiéramos hecho y que no contribuyó a nuestro aprendizaje?','Sí. Cualquier cosa que hubiéramos hecho durante esos meses que no hubiera contribuido a nuestro aprendizaje era una forma de despilfarro. ¿Habría sido posible aprender lo mismo con menos esfuerzo? Claramente la respuesta es sí.',6,1,'Lean Start up'),(33,'¿El método Lean Startup toma su nombre de la revolución del Lean manufacturing que desarrollaron en Toyota?','El método Lean Startup toma su nombre de la revolución del Lean manufacturing que Taiichi Ohno y Shigeo Shingo desarrollaron en Toyota.',6,1,'Lean Start up'),(34,'¿En qué se diferencia el diseño del Design Thinking?','El diseño es individual, centrado en los productos y conjuga la ingeniería con el arte; Design Thinking es en equipos, centrado en las experiencias y conjuga los negocias, las personas y la tecnología.',4,1,'Design Thinking'),(35,'¿Es cierto que el nuevo enfoque tecnológico de negocios se enfoca en el cliente, es decir el diseño comienza desde el interior?','El Nuevo enfoque tecnológico de negocios, tiene foco en el cliente y por ello el Diseño comienza desde el exterior; en el foco organizacional el Diseño comenzaba desde el interior.',7,1,'Rev Fintech'),(36,'¿Es el objetivo final del método Lean Startup eliminar el desperdicio, es decir, erradicar el hacer cosas demás?','La metodología de Lean Startup viene de las 7 mudas de Taiichi Ohno, que es eliminar el exceso de producción, los tiempos de espera, el transporte, etc. Finalmente eliminar el desperdicio, hacer cosas  que no tenemos que hacer, hacer cosas demás.',6,1,'Lean Start up'),(37,'¿Es la cultura digital y el trabajo colaborativo es un cambio del tipo “Gestión del cambio”?','La cultura digital y el trabajo colaborativo es un cambio del tipo “Gestión del cambio”.',7,1,'Rev Fintech'),(38,'¿Es un beneficio del diseño de un Customer Journey el aumento de la coordinación interna?','Un beneficio del diseño de Customer Journey es que aumenta la coordinación interna, ya que un diseño de experiencia exitoso depende de la coordinación de todas las áreas internas de la empresa y del trabajo en equipos, hacia un objetivo común.',4,1,'Design Thinking'),(39,'¿Hace falta hacernos cargo de todos los dolores de nuestro cliente?','No. Los aliviadores de los dolores del cliente Describen como nuestros productos o servicios alivian dolores específicos de nuestro clientes. No hace falta aliviar todos los dolores que hemos percibido en nuestro cliente, es mejor concentrarse en unos pocos pero resolverlos bien.',5,1,'Canvas'),(40,'¿La gestión de proyectos predictiva es parte de lo que propone la agilidad?','Propone la gestión evolutiva a través del desarrollo incremental, tener una estrategia de iterativa o continua, solapamiento e fases y el conocimiento está en las personas y/o procesos, entre otras.',8,1,'Agile'),(41,'¿La mayoría de los bancos están acelerando sus estrategias digitales por la irrupción de las nuevas tecnologías móviles?','La mayoría de los bancos están acelerando sus estrategias digitales por la irrupción de las nuevas tecnologías móviles',7,1,'Rev Fintech'),(42,'¿Podríamos definir el desarrollo incremental como entregar el producto cuando termina el proyecto?','Los equipos entregan a sus respectivos clientes incrementos o mejoras del producto o servicio en periodos cortos, o de forma continua.',8,1,'Agile'),(43,'¿Por qué es importante desarrollar la creatividad e innovación?','Aplicación práctica de una idea con el propósito de alcanzar los objetivos propuestos.',4,1,'Design Thinking'),(44,'¿Por qué las compañías requieren de una transformación digital?','Para mejorar su gente, procesos y estructura. Muchas compañías requieren de una transformación digital, que mejores su gente, procesos y estructura, para adaptarse a los cambios de este mundo digital, dejando de lado una planificación de largo plazo, optando por estrategias adaptables a los cambios del entorno. ',7,1,'Rev Fintech'),(45,'¿Qué acciones se pueden hacer mediante las Fintech y que resulta un riego potencial? I. Préstamos P2P. II. Plataformas de gestión de patrimonio. III. Pagos P2P. IV. Bitcoin distribuited blockchain. V. Plataformas de gestión del desempeño.','Donde hay más peligros potenciales con las Fintech es en: Préstamos P2P; Plataformas de gestión de patrimonio; Pagos P2P y Bitcoin distribuited blockchain',7,1,'Rev Fintech'),(46,'¿Qué actitudes estimulan a que seamos más creativos e innovadores?','La curiosidad, tolerancia, disponibilidad al cambio, comunicación abierta de lo que pensamos y confianza en uno mismo son algunas actitudes que también nos estimulan a ser más creativos y generar ideas innovadoras.',4,1,'Design Thinking'),(47,'¿Qué debe hacer la banca para sobrevivir en este nuevo entorno competitivo?','C. A y B. En el caso de la banca, ésta deberá deconstruir su cadena de valor y recomponerla de nuevo, introduciendo en el ADN de las personas que forman la organización, los conocimientos y las competencias necesarias para integrar la cultura de la transformación digital. Además la colaboración y la co-creación serán herramientas básicas para poder seguir compitiendo con éxito.',7,1,'Rev Fintech'),(48,'¿Qué es el flujo de ingresos según el modelo de negocios CANVAS?','Las actividades necesarias para crear y ofrecer la propuesta de valor a los clientes. Una compañía debería preguntarse por qué propuesta de valor los clientes están dispuestos a pagar. Contestando esta pregunta, se detectan los distintos flujos de ingresos. Los flujos pueden tener diferentes mecanismos de precios, dependencia de mercado, volumen, etc.',5,1,'Canvas'),(49,'¿Qué es un Customer Journey o Viaje del Cliente?','Un mapa que representa las múltiples interacciones y contactos del cliente con nuestra empresa, desde que se plantea un objetivo hasta que logra alcanzarlo. Para identificar y ordenar estos Momentos de Verdad diseñamos un Customer Journey, o Viaje del Cliente, un mapa que representa las múltiples interacciones y contactos del Cliente con nuestra empresa, desde que se plantea un objetivo hasta que logra alcanzarlo.',4,1,'Design Thinking'),(50,'¿Qué es un salto de fe?','Aquel supuesto de alto nivel no validado que hemos incluido en nuestro modelo de   negocio,   y que realmente incluye a 1 o más hipótesis en sí mismo. “Un salto de fe es todo aquel supuesto de alto nivel no validado (incertidumbre) que hemos incluido en nuestro modelo de negocio, y que realmente incluye a 1 o más hipótesis en sí mismo”',6,1,'Lean Start up'),(51,'¿Qué haría si se da cuenta que a mitad del sprint, no alcanza a llegar con todos los requerimientos finalizados?','Hablaría inmediatamente con el propietario del producto para informarle y negociar con él qué historias se podrían dejar fuera de las que están pendientes. Esta es la más adecuada, ya que se transparenta la información y se llega a consenso con el incremento a realizar.',9,1,'Scrum'),(52,'¿Qué mide el Scrum Level?','Qué tan ágil es la empresa o área a evaluar, ya que no sólo mide técnicas, sino también a la organización o área.',8,1,'Agile'),(53,'¿Qué nos permite el Customer Journey?','Identificar instancias claves para innovar en lo que le importa y valora el cliente. Es una herramienta muy poderosa porque nos ayuda a pensar como si estuviéramos en los “zapatos del cliente”, permitiendo identificar instancias claves para innovar en lo que verdaderamente le importa y valora en cada etapa de su “viaje”.',4,1,'Design Thinking'),(54,'¿Qué pasos hacen al viaje del cliente que deben ser considerados para evaluar los diferentes canales de comunicación?','Información, Evaluación, Compra, Entrega y PosventaAunque el viaje del cliente debe de ser adaptado para cada empresa e industria, los 5 pasos planteados son la forma más general de entender el proceso que permite identificar los diferentes canales de comunicación con el cliente.',5,1,'Canvas'),(55,'¿Qué permite el Design Thinking?','Podemos crear propuestas innovadoras para hacer coincidir las necesidades de los Clientes con una solución tecnológicamente factible y un modelo de negocios viable.',4,1,'Design Thinking'),(56,'¿Qué se entiende por encaje?','Entender cuáles son las frustraciones y alegrías que estamos solucionando. Una vez completamos cada una de las secciones del lienzo de la propuesta de valor es que podemos determinar qué trabajos, frustraciones y alegrías estamos resolviendo y cuales no estamos resolviendo. Este ejercicio es conocido como “encaje” y nos permite hacer un mapa de las cosas que estamos solucionando y las que no. Aunque no es necesario encargarse de solucionar todas las frustraciones y alegrías del cliente, es recomendable enfocarse y solucionar aquellas que son más críticas para él.',5,1,'Canvas'),(57,'¿Qué se necesita para aplicar agilidad en la empresa?','Todas son validas para poder realizar la transformación, siendo estas 3 las prioritarias, para comenzar.',8,1,'Agile'),(58,'¿Qué se requiere para lograr una organización digital?','Definiciones en 4 elementos clave como: estructura organizacional, talento digital (habilidades y gestión), liderazgo digital y cultura digital y trabajo colaborativo.',7,1,'Rev Fintech'),(59,'¿Qué significa que en tablero Kanban exista un WIP = 2?','Que en esa área no pueden haber más de 2 tareas a la vez, el WIP limita el trabajo en el área que se indica. Por lo tanto, no pueden haber más de 2 tareas simultáneas.',9,1,'Scrum'),(60,'¿Qué son los sesgos mentales?','Son puntos ciegos de nuestro pensamiento. Un sesgo cognitivo es un efecto psicológico que produce una desviación en el procesamiento de lo percibido, lo que lleva a una distorsión, juicio inexacto, interpretación ilógica, o lo que se llama en términos generales irracionalidad, que se da sobre la base de la interpretación de la información disponible, aunque los datos no sean lógicos o no estén relacionados entre sí.',4,1,'UX'),(61,'¿Quién es el creador del Modelo de Negocios Canvas?','Alexander Osterwalder. El modelo de negocio del lienzo fue propuesto inicialmente por Alexander Osterwalder1 sobre la base de su trabajo anterior sobre la ontología de los modelos de negocio. Desde la publicación de la obra de Osterwalder en 2008, han aparecido nuevos lienzos para nichos específicos, como el Lienzo Lean.',5,1,'Canvas'),(62,'¿Quién es el responsable de la pila del sprint?','Equipo Scrum. Ellos son los que mantienen y/o modifican la pila del sprint.',9,1,'Scrum'),(63,'¿Quién es el responsable de mantener y actualizar la Pila del Producto?','El Propietario del producto. Él tiene la visión del producto y sabe lo que necesita, agrega, modifica o elimina requerimientos.',9,1,'Scrum'),(64,'¿Se evalúa el conocimiento técnico de las personas en Scrum Level?','Sí. Se mide el nivel de conocimiento y experiencia.',8,1,'Agile'),(65,'¿Todas las etapas de la startup, son modificables?','La Visión no se cambia. Si vemos facebook u Amazon, ellos fueron cambiando su estrategia. Al igual que en el ejemplo original, ellos tenían una visión de dar alojamiento a las personas y luego empezaron a pivotear la estrategia pero orientados a la misma visión.',6,1,'Lean Start up'),(66,'“Conocer al cliente es la base para identificar sus Momentos de verdad”. Este enunciado es:','Conocer al cliente es la base para identificar sus “Momentos de la Verdad”, o instancias decisivas en cada uno de los puntos de contacto con la empresa.',4,1,'Design Thinking'),(67,'“Una de las aplicaciones más estratégicas del Design Thinking es el diseño de la experiencia del cliente”, este enunciado es:','Una de las aplicaciones más estratégicas del Design Thinking es el Diseño de la Experiencia del Cliente.',4,1,'Design Thinking'),(68,'“Una experiencia compleja y subjetiva resultando en cambios fisiológicos y psicológicos que influencian el comportamiento”','Emoción. Las emociones son reacciones psicofisiológicas que representan modos de adaptación del individuo a estímulos. Psicológicamente, las emociones alteran la atención, hacen subir de rango ciertas conductas guía de respuestas del individuo y activan redes asociativas relevantes en la memoria.',4,1,'UX'),(69,'Airbnb nace de una necesidad económica. ¿Qué ofrecía en sus inicios?  ','Arriendo de una cama inflable y desayuno.  Airbnb, nace de la necesidad de 2 amigos que vivían en San Francisco y no tenían dinero para pagar el arriendo. Así, se les ocurre la idea de comprar un colchón inflable, arrendar el espacio para que las personas durmieran y además entregarles desayuno.',6,1,'Lean Start up'),(70,'Algunos de los beneficios de Kanban son: I. Facilitar la comunicación. II. Hacer visible el trabajo. III. Favorecer la cultura de colaboración. IV. Ayudar a crear el gráfico Burn Down','I,II y III. Estas son las características de cómo ayuda a mostrar la información el gráfico bur down se podría hacer sin kanban.I. Facilitar la comunicaciónII. Hacer visible el trabajoIII. Favorecer la cultura de colaboración',9,1,'Scrum'),(71,'Con sus conocimientos responda, ¿una Startup es: Una institución humana diseñada para crear nuevos productos y servicios en condiciones de incertidumbre extrema?','Según Eric Ries, una Startup es: “Una institución humana diseñada para crear nuevos productos y servicios en condiciones de incertidumbre extrema”',6,1,'Lean Start up'),(72,'Cuando definimos la psicología de la experiencia de uso debemos considerar las siguientes dimensiones:','Percepción, Motivación, Emoción y Cognición. Las cuatro dimensiones definidas por el modelo son percepción, motivación, emoción y cognición y sobre ella ahondamos para entender a las personas.',4,1,'UX'),(73,'De acuerdo a la metodología del Design Thinking, ¿a qué apunta el paso de Prototipar?','Hacer las ideas realidad y ver cómo el cliente reacciona al prototipo.',4,1,'Design Thinking'),(74,'De acuerdo a la siguiente definición responde: “Adquirir conocimientos a partir de los prototipos y revisar los supuestos”. ¿A qué corresponde?','Testear es adquirir conocimiento a partir de los prototipos y revisar supuestos.',4,1,'Design Thinking'),(75,'De acuerdo a la siguiente definición, responde: “Ser creativo y generar el mayor número de ideas”, ¿corresponde al paso de Entender?','Entender es construir el conocimiento. Ser creativo y generar el mayor número de ideas, corresponde a Idear.',4,1,'Design Thinking'),(76,'De acuerdo al siguiente enunciado responde, ¿a qué concepto pertenece? “Para reducir tiempos de entrega, reclamos y riesgo”.','Operaciones paperless. Las operaciones paperless sirven para reducir tiempos de entrega, reclamos y riesgo.',7,1,'Rev Fintech'),(77,'De acuerdo al siguiente enunciado, responda: “Lean define como valor algo que proporciona beneficio a la Startup”. a) Verdadero b) Falso','El pensamiento Lean define el valor como algo que proporciona un beneficio al consumidor; cualquier otra cosa es un despilfarro.',6,1,'Lean Start up'),(78,'De acuerdo al siguiente enunciado, responda:“Centrándonos en la eficiencia funcional, el auténtico objetivo de la innovación es aprender lo que hasta ahora es desconocido”.','Si nos centramos en la eficiencia funcional, perdemos de vista el auténtico objetivo de la innovación: aprender lo que hasta ahora es desconocido.',6,1,'Lean Start up'),(79,'De acuerdo al siguiente enunciado, responda:“La clave para identificar los saltos de fe es hacer una lectura absolutamente crítica del modelo de negocio,  cualquier planificación que hayamos hecho sobre nuestro negocio, prestando especial atención a todos aquellos elementos que están rodeados de incertidumbre”.','La clave para identificar los saltos de fe es hacer una lectura absolutamente crítica del modelo de negocio, business plan o cualquier planificación que hayamos hecho sobre nuestro negocio, prestando especial atención a todos aquellos elementos que están rodeados de incertidumbre',6,1,'Lean Start up'),(80,'De acuerdo al siguiente enunciado, responde: “El Costumer Journey es la herramienta más versátil que existe”. ','El Customer Journey es la herramienta más versátil que existe: nos permite identificar y diagnosticar nuestra situación actual, optimizar canales y proyectar nuestra propuesta de valor a cada Cliente.',4,1,'Design Thinking'),(81,'De acuerdo al siguiente enunciado, responde: “El Design Thinking, o pensamiento de diseño, es una forma efectiva de innovar para cautivar a nuestros clientes, a través de ideas creativas”','El Design Thinking, o pensamiento de diseño, es una forma efectiva de innovar para cautivar a nuestros clientes, a través de ideas creativas.',4,1,'Design Thinking'),(82,'De acuerdo al siguiente enunciado, responde: “El objetivo de una nueva empresa es averiguar qué se debe construir, tan rápido como sea posible”.','El objetivo de una nueva empresa es averiguar qué se debe construir (aquello que los clientes quieren y por lo que pagan) tan rápido como sea posible.',6,1,'Lean Start up'),(83,'De acuerdo al siguiente enunciado, responde:“Existe una relación entre el compromiso con la estrategia y el grado de avance de los bancos que buscan ser líderes en la banca digital”.','Existe una relación entre el compromiso con la estrategia y el grado de avance de los bancos que buscan ser líderes en la banca digital.',7,1,'Rev Fintech'),(84,'De acuerdo al siguiente enunciado, responde: “Para mejorar su gente, procesos y estructura. Muchas compañías requieren de una transformación digital, que mejores su gente, procesos y estructura, para adaptarse a los cambios de este mundo digital, dejando de lado una planificación de largo plazo, optando por estrategias adaptables a los cambios del entorno.”','Para mejorar su gente, procesos y estructura. Muchas compañías requieren de una transformación digital, que mejores su gente, procesos y estructura, para adaptarse a los cambios de este mundo digital, dejando de lado una planificación de largo plazo, optando por estrategias adaptables a los cambios del entorno.” ',7,1,'Rev Fintech'),(85,'De acuerdo al siguiente enunciado, responde: El equipo de Digital Banking está compuesto por el equipo de experiencia usuaria, tecnología y negocios.','El equipo de Digital Banking está compuesto por el equipo de experiencia usuaria, tecnología y negocios.',7,1,'Rev Fintech'),(86,'De los siguientes enunciados ¿cuál es verdadero sobre el manifiesto ágil?','Respuesta ante el cambio sobre seguimiento de un plan, este es uno de los valores del manifiesto ágil.',8,1,'Agile'),(87,'De los siguientes, ¿cuáles son los lienzos presentados por Osterwalder para entender el negocio?','Osterwalder plantea que se debe analizar el modelo de negocios en tres capas, el entorno, mediante el lienzo del mapa del entorno, el negocio, mediante el lienzo del modelo de negocios, y al cliente, mediante el lienzo de la propuesta de valor.',5,1,'Canvas'),(88,'De los siguientes, ¿cuáles son factores críticos de éxito para la transformación digital?I. Cultura digital exclusiva.II. Foco en la experiencia del cliente.III. Ecosistema abierto a la innovación.IV. Visión de largo plazo y ejecución de corto plazo.','c. II, III y IV. Los factores críticos de éxito para la transformación son: Foco en la experiencia del cliente, equipos “digitalmente” inclusivos, plataforma TI Agil, Nuevo papel de las sucursales, Ecosistema abierto a la innovación, Visión de largo plazo y ejecución de corto plazo y cultura digital inclusiva.',7,1,'Rev Fintech'),(89,'Del siguiente listado, ¿cuáles corresponden a técnicas de creatividad? I. Brainstorming II. Carta Gantt III. Mapas mentales IV. Scamper V. Brainwriting VI. Técnica Pomodoro','I, III, IV y VI. Técnicas de creatividad son: Brinstorming, SCAMPER, analogías, mapas mentales, provocación y brainwriting.',4,1,'Design Thinking'),(90,'Dentro de las prácticas del proyecto en la evaluación de Scrum Level, ¿se encuentran: reunión diaria, revisión del avance, desarrollo incremental?','Las prácticas cuando se mide Scrum Level, corresponden a las mencionadas en el enunciado y reunión con el cliente, reuniones de planificación, información visual, control del trabajo, definición de tareas terminadas.',8,1,'Agile'),(91,'Diseñar pensando en nosotros mismos como usuarios es recomendable.','El foco de todo diseño centrado en el cliente o user experience es el de salir fuera de nosotros mismos y poner a nuestros usuarios en el centro de la experiencia.',4,1,'UX'),(92,'Dos relaciones con los clientes según el modelo de negocios CANVAS:','Personalizadas y automatizadasEl bloque de relación con clientes describe los tipos de relaciones que una compañía establece con un segmento específico. Se debería clarificar el tipo de relación que la empresa quiere establecer con su segmento de clientes. Las relaciones pueden ser desde personalizadas a automatizadas. Las relaciones pueden ser motivadas por: adquirir nuevos clientes, retener clientes o incrementar ventas.',5,1,'Canvas'),(93,'El cautivar a los clientes, ¿es uno de los objetivos del Design Thinking?','No sólo se trata de crear. El Design Thinking nos permite encauzar la creatividad al objetivo: cautivar a los Clientes.',4,1,'Design Thinking'),(94,'El factor \"atractivo\", ¿impacta en la percepción de efectividad?','En estudios realizados por Konstantinos Efstratios, se vio una correlación positiva entre la percepción de atractivo y usabilidad de una página.',4,1,'UX'),(95,'El lienzo de la propuesta de valor es definido por cuál de los siguientes puntos principales:','Cliente y propuesta de valor. El lienzo de la propuesta de valor cuenta con dos secciones bien diferenciadas:• Segmento de cliente, dónde se definen los trabajos, frustraciones y alegrías del cliente• Propuesta de valor, dónde se definen los productos/ servicios, creadores de alegrías y aliviadores de frustraciones para el cliente.',5,1,'Canvas'),(96,'El Objetivo de una Startup, ¿es probar hipótesis rápidamente?','El Objetivo de una Startup es probar hipótesis rápidamente. Hipótesis de valor: ¿este producto realmente proporciona valor a los clientes que lo usan?; Hipótesis de crecimiento: ¿cómo descubren los clientes el nuevo producto?',6,1,'Lean Start up'),(97,'El proceso de aprendizaje probado, ¿qué busca demostrar empíricamente?','El aprendizaje probado (validated learning) Es el proceso de demostrar empíricamente que un equipo ha descubierto verdades valiosas sobre el presente y el futuro del negocio de la empresa.',6,1,'Lean Start up'),(98,'En el marco de evaluación de la agilidad en una empresa a través de Scrum Level, la flexibilidad mide las prácticas y técnicas del trabajo, entre ellas existen 4 áreas, ¿cuáles son?:','Proyecto, Producto, Organización y Desarrollo, estas son las areas para evaluar las características del ciclo de vida ágil.',8,1,'Agile'),(99,'En la estructura de costos se debe listar:','Los costos más relevantes. Aquí se especifican los costos principales de la empresa empezando con el más alto (marketing, R&D, CRM, producción, etc.). Luego se relaciona cada costo con los bloques definidos anteriormente, evitando generar demasiada complejidad. Posiblemente, se intente seguir el rastro de cada costo en relación con cada segmento de cliente para analizar las ganancias.',5,1,'Canvas'),(100,'En la planificación del Sprint, ¿cuáles son los objetivos que se buscan? I. Pila del Sprint. II. Fecha de reunión de revisión. III. Objetivo. IV. Duración del sprint. V. Revisar riesgos. VI. Generar Gantt.','I, II, III y IV. Éstos son los 3 objetivos que se buscan en la reunión de planificación del sprint. La duración del sprint, sólo se ve en la planificación del primer sprint.I. Pila del Sprint.II. Fecha de reunión de revisión.III. Objetivo.IV. Duración del sprint.',9,1,'Scrum'),(101,'En las historias de usuario, ¿para qué sirven los criterios de validación?','Para poder probar la historia de usuario, esto se hace desde el punto de vista del negocio y para que los desarrolladores sepan qué desea al propietario del producto.',9,1,'Scrum'),(102,'En proyectos ágiles, ¿cómo podríamos definir Scrum?','Como un framework de trabajo, el cual da los lineamientos para gestionar proyectos de manera ágil, estos proyectos piden ser pequeños o largos, especialmente cuando existe incertidumbre.',8,1,'Agile'),(103,'Existen 12 principios ágiles, entre ellos: la excelencia técnica, la autoorganización, entrega de software funcional. ¿Son éstos algunos de los conceptos expuestos?','Dentro de los 12 principios existen algunos conceptos como los expuestos en la pregunta, además de comunicación cara a cara, entregas continuas y en breves periodos, trabajo en equipo, entre otras.',8,1,'Agile'),(104,'Frederickson, descubrió que hay un balance entre emociones negativas y positivas. Según su investigación, ¿cuántas emociones positivas son necesarias para contrarrestar una negativa?','Tres emociones positivas por cada negativa. Los estudios realizados por Frederickson en el el 2009 indican que se necesitan 3 experiencias positivas por cada negativa para contrarrestar los efectos negativos.',4,1,'UX'),(105,'La acción es definida como \"Los comportamientos a través de los cuales las personas reaccionan y se ajustan a su medio ambiente y a otras personas, respuesta a varios estímulos\"','En psicología, comportamiento o conducta es el conjunto de respuestas, bien por presencia o por ausencia, que presenta un ser vivo en relación con su entorno o 1 mundo de estímulos. El comportamiento puede ser consciente o inconsciente, voluntario o involuntario, etc.',4,1,'UX'),(106,'La carga mental ocurre cuando forzamos a los usuarios a pensar más y recordar más de lo que realmente necesitan para la tarea que están realizando.','Las personas contamos con un \"límite\" relativo a la cantidad de tareas que podemos realizar al mismo tiempo, lo cual depende del grado de estímulos que podemos manejar y nuestra experiencia previa realizando la tarea.',4,1,'UX'),(107,'La emoción puede ser definida como \"una experiencia compleja y subjetiva resultando en cambios fisiológicos y psicológicos que influencian el comportamiento\"','Las emociones son reacciones psicofisiológcas que representan modos de adaptación del individuo a estímulos. Psicológicamente, las emociones alteran la atención, hacen subir de rango ciertas consuctas guía de respuestas del individuo y activan redes asociativas relevantes en la memoria.',4,1,'UX'),(108,'La Flexibilidad de la evaluación Scrum Level, ¿qué significa?','Que el conocimiento técnico y prácticas ágiles son deficientes y se deben implementar diversas técnicas, como la reunión diaria, que exista un propietario del producto, etc.',8,1,'Agile'),(109,'La percepción hace referencia a cómo las personas codifican el mundo y puede ser dividida en 3 niveles: sensación, percepción y atención','La percepción es estudiada desde los procesos inconscientes a los conscientes.',4,1,'UX'),(110,'La segmentación de clientes del modelo de negocios CANVAS, ¿describe el conjunto de productos y servicios que crean valor para un segmento de mercado específico?','No. Los segmentos de clientes definen los diferentes grupos de personas o entidades a los que se dirige una empresa.',5,1,'Canvas'),(111,'La siguiente cita: “permitir a los equipos mejorar la calidad a través de una mejora continua y la eliminación de desperdicios en el proceso de producción”, corresponde a:','Sistema de producción Toyota, el objetivo de sistema, definido en la documentación.',8,1,'Agile'),(112,'La siguiente definición: “lista de requerimientos que el propietario del producto necesite que se cree en el producto”, ¿a qué corresponde?:','Pila del producto. Corresponde al listado de requerimientos desde el punto de vista del negocio y es responsabilidad del propietario del producto.',9,1,'Scrum'),(113,'Las actividades clave están relacionadas a:','La propuesta de valor. Las actividades clave describen las acciones más importantes que se requieren para que el modelo de negocios funcione. Utilizando la propuesta de valor más importante, los canales de distribución y las relaciones con los clientes, se definen las actividades necesarias para entregar la oferta.',5,1,'Canvas'),(114,'Las alegrías del cliente describen resultados y beneficios que el cliente busca y se pueden categorizar en cuantos niveles:','Las alegrías o ganancias del cliente describen los resultados o beneficios que el cliente espera de sus trabajos y pueden ser categorizados en 4 niveles: mínimos (que el césped sea cortado), esperados (que esté cortado al tamaño que yo quería), deseados (que el cortar no implique ningún desperdicio) e inesperados, los momentos wow! (el césped se corta solo o a control remoto)',5,1,'Canvas'),(115,'Las etapas del motor de crecimiento son:','Construir, medir y aprender.  Construir-medir-aprender. Cada iteración es un intento de arrancar este motor. Una vez que está arrancado, se intenta subir y subir de marcha.',6,1,'Lean Start up'),(116,'Las experiencias son exitosas cuando sentimos que nos están entendiendo y atendiendo personalmente','Se ha demostrado que la satisfacción del cliente está correlacionada con el beneficio económico y las ganancias de una empresa.',4,1,'UX'),(117,'Las principales teorías de las emociones mencionadas son:','Los principales cuerpos teóricos relativos a las emociones mencionados son los relativos a las emociones como categorías (Paul Eckmann), las emociones como un continuo (James Russel) y las emociones como correspondientes a reacciones fisiológicas (Schachter- Singer)',4,1,'UX'),(118,'Las teorías que nos ayudan a entender el comportamiento y acciones de las pesonas se pueden englobar en:','Las tres teorías mencionadas define el comportamiento de las personas y cómo se logra.',4,1,'UX'),(119,'Los dolores del cliente incluyen aquellas cosas que molestan al cliente y pueden ser catalogados cómo:','Los dolores del cliente incluyen aquellas situaciones que le molestan, antes, durante o luego de realizar los trabajos definidos anteriormente. Se definen en 3 categorías también, resultados no deseados (se des-compuso la cortadora de césped), obstáculos a los que se enfrenta (no sabe cómo iniciar una conversación) o riesgos (tiene miedo de ser rechazado).',5,1,'Canvas'),(120,'Los productos y servicios es un listado de todo lo que tú ofreces. Este paquete ayuda a tus clientes a realizar los trabajos. ¿Cuáles de estas categorías no es un producto o servicio?','Informativos. Los productos o servicios es simplemente un listado de todo lo que tú ofreces a tu cliente. Idealmente, debería haber un match entre los trabajos del cliente y los productos que ofreces, pero no necesariamente tienes que proveer productos para todos los trabajos (eso puede ser parte de tu estrategia de innovación).  Se pueden categorizar en tangibles (cortadora de césped), intangibles (servicio al cliente), digitales (app para controlar la cortadora de césped) y financieros (puedo pagarla en cuotas)',5,1,'Canvas'),(121,'Los trabajos del cliente pueden ser:','Funcionales, sociales y emocionales. Los trabajos del cliente describen las actividades que tus clientes intentan resolver en su vida laboral o personal y pueden ser de carácter funcional (cortar el pasto), social (hacer amigos) o personales/ emocionales (sentirse bien consigo mismos). Tenemos que tener claro que trabajos quiere realizar el cliente en cada una de estas esferas para tener claros los trabajos que el cliente quiere resolver con nosotros.',5,1,'Canvas'),(122,'Podemos separar las metas en dos dimensiones, las relativas a tareas y productividad y las relativas a la emocionalidad y espiritualidad','Las metas pueden dividirse en dos grandes categorías, aquellas relativas a la realización de tareas o relativas a productividad y aquellas relativas a la creatividad y el juego.',4,1,'UX'),(123,'Qué haría usted si a mitad de la ejecución del sprint el Propietario del producto se acerca al equipo y les menciona que es necesario incorporar una funcionalidad que no se planificó?','El equipo deriva al Scrum Master lo solicitado para que entre ellos decidan cuando incorporarlo a la pila del producto. Una vez que se inicia un Sprint no se pueden incorporar requerimientos no planificados ni priorizados, ya que el incremento se verá afectado.',9,1,'Scrum'),(124,'Respecto de caso mBank, ¿cómo se convirtió en un disruptor?','D. A y B corresponden. mBank se convirrtió en un disruptor al derribar los silos, todos juntos en un solo lugar, libertad y responsabilidad, motivación diferente y el valor central: colaboración.',7,1,'Rev Fintech'),(125,'Según el modelo de Deming, y sus propuestas, ¿A qué corresponde el término Planificar?','Buscar las Mejores actividades para alcanzar los objetivos (definición en bibliografía, cápsula, ppt).',8,1,'Agile'),(126,'Según el modelo Scrum Level, en las organizaciones se miden 2 dimensiones, ¿cuáles son?','Flexibilidad y Fluidez, esto corresponde al conocimiento técnico, practicas ágiles y la cultura ágil de las organizaciones.',8,1,'Agile'),(127,'Según Kahneman, ¿en promedio cuántas experiencias emocionales tenemos al día?','20.000. Según Kahneman (2002) en promedio las personas tienen 20.000 experiencias emocionales por día. ',4,1,'UX'),(128,'Según los conceptos expuestos, ¿agilidad correspondería a entregar más rápido los proyectos?','Corresponde a ser flexible, pensar desde el punto de vista del cliente, agregar valor al producto o servicio que se está creando.',8,1,'Agile'),(129,'Ser digital no significa sólo transformar el Front- end (lo más visible) sino también con lo que está bajo la superficie. ','Ser digital no significa sólo transformar el Front- end (lo más visible) sino también con lo que está bajo la superficie. Entre ellas: personalización basada en los datos (Big- Data), Integración continua y sin fricción a través de los canales de distribución, automatización de la mayor tanto para operaciones como TI, ajustes en las habilidades y en la estructura organizacional y desarrollo de ecosistemas con expertos externos que aporten habilidades complementarias.',7,1,'Rev Fintech'),(130,'Son recursos clave…','Toda empresa requiere de recursos que le permitan crear y ofrecer una propuesta de valor, alcanzar sus mercados, mantener sus relaciones con los clientes y generar ingresos. Se requieren diferentes recursos para distintos modelos de negocios. Ellos pueden ser físicos, financieros, intelectuales o humanos y pueden ser propios, arrendados o adquiridos de socios.',5,1,'Canvas'),(131,'Su banco le oferta puntos para canjear en el comercio si le lleva un nuevo cliente, ¿frente a qué estamos?','Motor Remunerado. En este motor se paga por la adquisición de un cliente, vía publicidad o de cualquier otro modo. En el costo remunerado es clave el costo de adquisición. Si el costo de adquisición es elevado, si es más elevado realmente que el beneficio que te deja el cliente, este motor se parará.',6,1,'Lean Start up'),(132,'Un pivot es un cambio de rumbo designado para probar una nueva hipótesis fundamental, ¿sobre qué?','Un pivot es un cambio de rumbo designado para probar una nueva hipótesis fundamental sobre el producto, la estrategia o el motor de crecimiento.',6,1,'Lean Start up'),(133,'Una de las ventajas competitivas de la digitalización es: Clientes más comprometidos. ¿Por qué?','Porque pueden realizar transacciones digitales y mejor servicio para aumentar la retención.',7,1,'Rev Fintech'),(134,'Una vez terminado el sprint, ¿qué se debe hacer?','Mostrar el incremento al product owner en la reunión de revisión del sprint, ya que esta se encuentra planificada y coordinada desde la planificación del sprint.',9,1,'Scrum'),(135,'¿Qué es lo que diferencia a una página web dinámica de una estática?','La principal diferencia entre las páginas estáticas y las dinámicas es que las últimas permite al usuario interactuar con el contenido, y de esa manera modificar que es lo que cada usuario ve dependiendo de su selección. Por ejemplo, la página web de Amazon se adapta a mi como usuario dependiendo de mis gustos, compras anteriores, búsquedas, etc. Mientras que la página institucional de una empresa presenta un contenido fijo, que no se adaptará a mí. ',1,1,'Conexión con el entorno'),(136,'¿Qué es lo que caracteriza al SEO?','SEO es la práctica de utilizar una serie de técnicas que implican la optimización de la página y su socialización en Internet con otras páginas con la finalidad de mejorar la posición de una página web en los resultados de los buscadores para unos términos de búsqueda concretos. ',1,1,'Conexión con el entorno'),(137,'¿La web 3.0 tiene como principal diferencia?','Aunque no hay una definición establecida en piedra, la web 3.0 se caracteriza por el uso de redes “semánticas” que permiten a los programa de inteligencia artificial interactuar con el usuario y sus necesidades. ',1,1,'Conexión con el entorno'),(138,'¿Se considera el reconocimiento óptico de caracteres hoy en día como parte del concepto “inteligencia artificial”?','A medida que las máquinas se vuelven cada vez más capaces, tecnología que alguna vez se pensó que requería de inteligencia se elimina de la definición. Este es el caso del reconocimiento óptico de caracteres el cual ya no se percibe como un ejemplo de la \"inteligencia artificial\"\" habiéndose convertido en una tecnología común. ​ \"',1,1,'Conexión con el entorno'),(139,'¿El concepto de sumar técnicas de juegos y ocio en actividades no recreativas para potenciar la motivación es conocido como?','Gamification: La ludificación —en ocasiones traducido al español como gamificación, jueguización o juguetización—es el uso de técnicas, elementos y dinámicas propias de los juegos y el ocio en actividades no recreativas con el fin de potenciar la motivación, así como de reforzar la conducta para solucionar un problema, mejorar la productividad, ​ obtener un objetivo, activar el aprendizaje y evaluar a individuos concretos.',1,1,'Conexión con el entorno'),(140,'¿Qué es el Bitcoin?','Bitcoin es una moneda virtual. Es una moneda que no tiene respaldo físico ni de ninguna institución, solo está respaldada por la tecnología que la sustenta.',1,1,'Conexión con el entorno'),(141,'Lo que caracteriza a Blockchain es ser una especie de libro contable online para llevar un registro de compras y ventas de una moneda virtual de manera compartida','El sistema blockchain, aparecido en el 2009, es un registro de las transacciones digitales que se basa en una gigantesca base de datos en la que están inscritas todas las operaciones financieras realizadas con la moneda virtual.',1,1,'Conexión con el entorno'),(142,'La principal innovación del sistema desarrollado por Satoshi Nakamoto en el 2009 fue:','El mayor logro de Satoshi Nakamoto sea el de haber resuelto el problema del doble gasto en un sistema descentralizado. Para evitar que un mismo bitcoin sea gastado más de una vez por la misma persona (en otras palabras, para evitar la falsificación), la red se vale de lo que Nakamoto describe como un servidor de tiempo distribuido, que identifica y ordena secuencialmente las transacciones e impide su modificación. Esto se logra por medio de pruebas de trabajo encadenadas (las cuales se muestran como “confirmaciones”). Más adelante veremos que dicho trabajo es realizado por los ¨mineros de bitcoins¨ a cambio de una recompensa en bitcoins.',1,1,'Conexión con el entorno'),(143,'La minería de bitcoins permite verificar la validez de una operación en la red de blockchain','La minería es un sistema de consenso distribuido que se utiliza para confirmar las transacciones pendientes a ser incluidas en la cadena de bloques. Hace cumplir un orden cronológico en la cadena de bloques, protege la neutralidad de la red y permite un acuerde entre todos los equipos sobre el estado del sistema. ',1,1,'Conexión con el entorno'),(144,'El término “Fintech” hace referencia a:','La palabra Fintech es un término compuesto que viene del inglés y que sale de unir la primera sílaba de las palabras en inglés “Finance\" y “Technology”',0,0,'1'),(145,'Las 5 caracteresticas principales que tiene la información en Big Data son:','Se puede utilizar 5 V’s como definición de la información en Big Data que es lo que caracteriza al sistema y al mismo tiempo explica sus ventajas: Volumen: captar y organizar absolutamente toda la información que nos llega. Velocidad: el proceso pide agilidad para extraer valor de negocio a la información que se estudia y que no se pierda la oportunidad. Variedad: Una de las fortalezas del Big Data reside en poder conjugar y combinar cada tipo de información y su tratamiento específico para alcanzar un todo homogéneo. Veracidad: Se refiere a la calidad del dato y su disponibilidad. Valor: Trabajar con Big Data tiene que servir para aportar valor a la sociedad. ',1,1,'Conexión con el entorno'),(146,'Los formatos de datos en big data pueden ser de tres categorías: estructurados, no estructurados e indefinidos.','Podemos dividir los datos obtenidos en Big Data en dos grandes categorías: Datos estructurados. Aquellos que tienen longitud y formato (por ejemplo, fechas) y que pueden ser almacenados en tablas (como las bases de datos relacionales). En esta categoría entran los que se compilan en los censos de población, los diferentes tipos de encuestas, los datos de transacciones bancarias, las compras en tiendas online, etc. Datos no estructurados. Son los que carecen de un formato determinado y no pueden ser almacenados en una tabla. Pueden ser de tipo texto (los que generan los usuarios de foros, redes sociales, documentos de Word), y los de tipo no-texto (cualquier fichero de imagen, audio, vídeo).',1,1,'Conexión con el entorno'),(147,'Los nuevos modelos de banca son:','Modelo MarketPlace (banco como mercado): El objetivo del modelo ‘marketplace’ o “banco como mercado” es replicar la experiencia integral que tradicionalmente el banco ofrece a sus clientes, pero sin renunciar a soluciones más avanzadas que solo pueden conseguirse mediante colaboraciones con empresas especializadas. Modelo bancario ‘plataforma’: A diferencia del modelo anterior, la estrategia ‘plataforma’ plantea un enfoque que va más allá de la oferta de productos clásica. Este tipo de modelo de negocio ha recibido distintos nombres, desde Banking-as-a-Service (BaaS) (Bancos como Servicios) o hasta App Store Banking.',1,1,'Conexión con el entorno'),(148,'Los millenials o “generación Y” son aquellas personas nacidas entre:','Actualmente se vive en pleno auge de la generación conocida como Millennials, es decir, jóvenes nacidos entre 1980 y el 2000. También se le llama la Generación Y.',1,1,'Conexión con el entorno'),(149,'La generación Z se caracteriza por ser autodidacta y ser los verdaderos nativos digitales','La “generación Z” es la de las personas que han nacido entre 1995 y 2015, es decir, que tienen entre 0 y 20 años. La generación Z realmente pone en alto el término multipantalla controlando cinco pantallas a la vez. Son autodidactas. El 33 % aprende vía tutoriales en internet. Más del 20 % lee en tablets y dispositivos. El 32% hace todas sus tareas y labores online.',1,1,'Conexión con el entorno'),(150,'¿Quién es el creador del Modelo de Negocios Canvas?','El modelo de negocio del lienzo fue propuesto inicialmente por Alexander Osterwalder1 sobre la base de su trabajo anterior sobre la ontólogaía de los modelos de negocio. Desde la publicación de la obra de Osterwalder en 2008, han aparecido nuevos lienzos para nichos específicos, como el Lienzo Lean.',2,1,'Colaboración interna'),(151,'¿Cuántos bloques conforman el modelo de negocios CANVAS?','El modelo de negocio del lienzo consta de 9 piezas clave, comunes para la representación gráfica de un negocio',2,1,'Colaboración interna'),(152,'¿Cuál es la pieza clave por la que se debe comenzar a completar el modelo CANVAS?','Los clientes son el centro de cualquier modelo de negocio, ya que ninguna empresa puede sobrevivir durante mucho tiempo si no tiene clientes (rentables), y es posible aumentar la satisfacción de los mismos agrupándolos en varios segmentos con necesidades, comportamientos y atributos comunes. Un modelo de negocio puede de definir uno o varios segmentos de mercado, ya sean grandes o pequeños. Las empresas deben seleccionar, con una decisión fundamentada, los segmentos a los que se van a dirigir y, al mismo tiempo, los que no tendrán en cuenta. Una vez que se ha tomado esta decisión, ya se puede diseñar un modelo de negocio basado en un conocimiento exhaustivo de las necesidades específicas del cliente objetivo. ',2,1,'Colaboración interna'),(153,'¿Cuáles son aquellos nombres que si son parte de los 9 bloques del lienzo de modelo de negocios CANVAS planteado por Osterwalder?','Los 9 bloques planteados por Osterwalder son: Segmentos de clientes, Propuesta de valor, Canales, Relación con el cliente, Flujo de ingresos, Recursos clave, Actividades clave, Red de Partners y Estructura de costos',2,1,'Colaboración interna'),(154,'El objetivo de la gerencia de innovación en un banco es el de la planeación, implementación, dirección y control de innovaciones y las actividades necesaria','La gerencia de innovación se ocupa, a grandes rasgos, de la planeación, implementación, dirección y control de innovaciones y las actividades necesarias. El objetivo de la gerencia de innovación, en la realidad, es organizar y potenciar la capacidad innovadora de una empresa, y con ello asegurar el éxito de la introducción y desarrollo de nuevos productos, y con ello el éxito futuro',2,1,'Colaboración interna'),(155,'Las tres fases del proceso de innovación son:','Las tres fases principales se pueden definir como; generación, evaluación y realización de ideas. La realización de las ideas, se inicia con “proyecto de innovación”. Ya se han definido y evaluado todas las potenciales ideas, y se ha tomado una decisión de desarrollo. El proyecto de innovación es un proyecto puntual. La generación y evaluación de las ideas, se convierte, bajo un proceso de gestión de la innovación, en un proceso continuo, de vigilancia del mercado, así como de monitoreo de opiniones e ideas de empleados, proveedores, clientes, influencias externas, así como mercados extranjeros.',2,1,'Colaboración interna'),(156,'Los métodos que deben fortalecerse en una empresa que quiere desarrollar metodologías ágiles son:','Existes algunos elementos que se deben fortalecer en empresas que quieren usar metodologías ágiles: La comunicación: que toma un papel mucho más relevante. La planificación: a la que se resta importancia en favor de la disposición para adoptar cambios e introducir  modificaciones en el programa original, cuando sea preciso. Equipos maduros y auto gestionados: que saben lo que hay que hacer y no requieran que exista un jefe dando instrucciones y seguimiento permanentemente. La autonomía de los equipos: acá radica su esencia, al ser la clave para la adaptabilidad.',2,1,'Colaboración interna'),(157,'¿Cuál de las siguientes características no es una de las fortalezas de la banca?','Los bancos son instituciones muy bien posicionadas para que los clientes puedan: Hacer inversiones. Pedir dinero prestado (créditos). Hacer giros de dinero en cajeros automáticos. Pagar con tarjetas (medios de pago). Hacer envíos de dinero (transferencias de fondos). ',2,1,'Colaboración interna'),(158,'Los bancos deben avanzar en los ejes relativos a clientes, innovación y rentabilidad para seguir manteniendo su posición en el mercado del futuro.','Para seguir manteniendo esta posición a futuro, los bancos deben avanzar en 3 ejes principales: Clientes : Cada vez más se interesan por las experiencias, por lo cual todos los esfuerzos deben estar enfocados en cómo podemos hacer más placentera la relación e interacción del cliente con el banco. Innovación : La forma de realizar mejoras a la experiencia de los clientes es cambiando y mejorando algunos procesos y eso implica tener la capacidad de innovar. La colaboración también es un aspecto fundamental en la innovación. Rentabilidad : la innovación y proyectos deben generar resultados financieros para el banco. Si no genera impacto en más clientes, más negocios o más eficiencia (menores costos), significa que el proyecto tiene un mal enfoque.',2,1,'Colaboración interna'),(159,'Las sucursales de los bancos van a evolucionar hacia un modelo de atención más específico con el foco en transacciones complejas. ','Otra de las fortalezas que tiene la banca son sucursales físicas para atender presencialmente a los clientes que requieren asesorías o transacciones complejas. Las sucursales irán evolucionando para transformarse en centros de experiencias donde los clientes acudan cuando requieran resolver algún proceso complejo como ciertas inversiones, créditos hipotecarios, entre muchos otros.',2,1,'Colaboración interna'),(160,'La colaboración es evaluada por encima de la disponibilidad de dinero y recursos, así como del liderazgo como factor clave para la innovación.','De acuerdo al estudio Nielsen’s 2014 sobre innovación en bienes de consumo, la colaboración es mencionada por las empresas como uno de los factores de mayor relevancia para la innovación, incluso por arriba de la disponibilidad de recursos o el liderazgo. En resumen, equipos más grandes y más diversos (cultural y profesionalmente) generan mejores ideas.',2,1,'Colaboración interna'),(161,'Según un estudio realizado por McKinsey las redes de colaboración no son clave para la innovación.','Las compañías más innovadoras son expertas en crear redes de colaboración, más aún, buscan activamente ser escogidos como socios para las redes de otros; de esta forma aumentan la probabilidad de que las mejores ideas y las mejores personas los busquen a ellos en vez de que sea al revés.',2,1,'Colaboración interna'),(162,'La transformación digital se enfoca en agregar procesos, tecnología y aplicaciones a los negocios tradicionales.','La transformación Digital no es un tema de agregar tecnología ni nuevos procesos ni nuevas aplicaciones (APP), ni nuevos productos, sino que tiene que ver con cambios en las personas, para mirar lo que estamos haciendo de una forma distinta, para poner al cliente realmente al centro del negocio, para establecer relaciones de largo plazo con el cliente, para trabajar de forma colaborativa, para aceptar los cambios tecnológicos que vendrán y para disfrutar la actividad que estamos haciendo.',3,1,'Cambio personal'),(163,'¿Qué porcentaje de estudiantes (en un estudio realizado en Estados Unidos) considera que las habilidades blandas son fundamentales para el mundo laboral del siglo XXI?','En un estudio realizado en Estados Unidos, se encontró una importante y notable diferencia entre las percepciones de los estudiantes universitarios y sus posibles empleadores. Mientras que la gran mayoría de los empleadores pensaban que la comunicación oral, la organización y la evaluación de la información y la solución de problemas complejos eran de importancia crítica, menos del 30 por ciento de los estudiantes universitarios se dieron cuenta de que estas habilidades blandas son esenciales para su éxito.',3,1,'Cambio personal'),(164,'Los esfuerzos cooperativos frente a los individuales generan resultados:','Se observa que los esfuerzos cooperativos generan mejores resultados individuales que los esfuerzos competitivos y los esfuerzos individualistas. Además, el aprendizaje cooperativo tiende a propiciar otros resultados positivos, tales como el razonamiento de alto nivel, una mejor transferencia de aprendizajes, una mayor motivación para lograr metas, un desarrollo social y cognitivo más sólido y un incremento en el tiempo dedicado a cada tarea.',3,1,'Cambio personal'),(165,'Según Robinson, nuestro sistema educativo debe abogar por el desarrollo y el foco en qué tipo de habilidades:','Robinson argumenta que el futuro de la humanidad depende de nuestra habilidad de “reestructurar nuestra manera de entender la capacidad humana y dar un lugar destacado a la creatividad y la innovación en nuestros sistemas educativos”.',3,1,'Cambio personal'),(166,'El alfabetismo digital se caracteriza por la habilidad de localizar, organizar, entender, evaluar y analizar información usando tecnología digital.','Alfabetismo digital, también conocido como alfabetización digital, es la habilidad para localizar, organizar, entender, evaluar y analizar información utilizando tecnología digital. Implica tanto el conocimiento de cómo trabaja la alta tecnología de hoy día como la comprensión de cómo puede ser utilizada',3,1,'Cambio personal'),(167,'El UX Canvas se caracteriza por las siguientes características:','La herramienta conocida como el UX Canvas, o lienzo de Experiencia de Cliente, se compone de los siguientes elementos: Contexto: cuál es el ambiente en el cual la persona se está moviendo, con quienes interactúa y qué herramientas usa para hacer lo que hace. Metas: cuáles son sus objetivos y resultados esperados de los mismos, cuál es el valor de los mismos y su importancia y con qué nivel de urgencia deben de ser completados.  Persona: qué es lo que le pasa a la persona en este contexto y con estas metas. Esto implica considerar 5 variables: percepción, cognición, motivación, emoción & acción.',3,1,'Cambio personal'),(168,'Las variables a considerar en la dimensión de personas en el UX Canvas incluyen las siguientes características:','Persona: qué es lo que le pasa a la persona en este contexto y con estas metas. Esto implica considerar 5 variables: Percepción: a qué estímulos debe prestarle atención la persona, cuántos son y cómo se diferencian.Cognición: cuáles son las creencias con las que llega la persona, sus modos de pensar y cómo estos afectan el comportamiento. Motivación: qué es lo que mueve a la persona a actuar, cuáles son las bases de su comportamiento. Emoción: con qué estado emocional se encuentra mientas realiza lo que realiza. Qué está sintiendo y cómo eso afecta su estado de ánimo. Acción/ Comportamiento: qué acciones están realizando y qué acciones queremos que realicen.',3,1,'Cambio personal'),(169,'Los trabajadores del futuro deberán sentirse cómodos con el tele-trabajo y las colaboraciones a distancia sin necesariamente compartir un espacio físico. ','En el mundo laboral del futuro, cabe esperar que las y los trabajadores entablen relaciones de colaboración con una marcada estructura de red, separados de sus compañeros de trabajo por una distancia considerable y lejos de la ubicación física de las fuentes de información. Tendrán que sentirse cómodos con las colaboraciones a distancia, y cada vez es más importante poder funcionar como comunicadores claros y eficaces, duchos en el uso de las tecnologías y los medios de comunicación social que propician la colaboración.',3,1,'Cambio personal'),(170,'La alfabetización de las TICs tiene que ver con el uso de las herramientas de las tecnologías de la información para gestionar e integrar la información usando estas tecnologías.','La alfabetización en esta materia se centra dar sentido a la información, los medios de comunicación y las tecnologías en el entorno circundante, a la vez que se hace uso de ellos. Muchos trabajos requieren un conocimiento laboral de las computadoras y de Internet para efectuar funciones básicas. ',3,1,'Cambio personal');
/*!40000 ALTER TABLE `preguntas_asistente` ENABLE KEYS */;
UNLOCK TABLES;
/*!40103 SET TIME_ZONE=@OLD_TIME_ZONE */;

/*!40101 SET SQL_MODE=@OLD_SQL_MODE */;
/*!40014 SET FOREIGN_KEY_CHECKS=@OLD_FOREIGN_KEY_CHECKS */;
/*!40014 SET UNIQUE_CHECKS=@OLD_UNIQUE_CHECKS */;
/*!40101 SET CHARACTER_SET_CLIENT=@OLD_CHARACTER_SET_CLIENT */;
/*!40101 SET CHARACTER_SET_RESULTS=@OLD_CHARACTER_SET_RESULTS */;
/*!40101 SET COLLATION_CONNECTION=@OLD_COLLATION_CONNECTION */;
/*!40111 SET SQL_NOTES=@OLD_SQL_NOTES */;

-- Dump completed on 2017-10-16 12:16:16
